"symbol","source_hit"
"S_create_basin_cx","src/gflow_basins_r.cpp	    SEXP S_create_basin_cx("
"S_create_basin_cx","src/gflow_basins_r.cpp	SEXP S_create_basin_cx("
"S_create_basin_cx","src/init.c	  {""S_create_basin_cx"", (DL_FUNC) &S_create_basin_cx, 3},"
"S_get_path_data","src/centered_paths.cpp	    SEXP S_get_path_data("
"S_get_path_data","src/centered_paths.cpp	SEXP S_get_path_data("
"S_get_path_data","src/init.c	  {""S_get_path_data"", (DL_FUNC) &S_get_path_data, 10},"
"S_ugg_get_path_data","src/centered_paths.cpp	    SEXP S_ugg_get_path_data("
"S_ugg_get_path_data","src/centered_paths.cpp	SEXP S_ugg_get_path_data("
"S_ugg_get_path_data","src/init.c	  {""S_ugg_get_path_data"", (DL_FUNC) &S_ugg_get_path_data, 11},"
"S_kNN","src/iknn_graphs.cpp	#include ""kNN_r.h""            // for S_kNN()"
"S_kNN","src/iknn_graphs.cpp	    SEXP knn_res = PROTECT(S_kNN(RX, Rk));"
"S_kNN","src/iknn_graphs.cpp	    SEXP knn_res = PROTECT(S_kNN(RX, Rk));"
"S_kNN","src/iknn_graphs.cpp	    SEXP knn_res = PROTECT(S_kNN(RX, Rk));"
"S_kNN","src/init.c	#include ""kNN_r.h""       // for S_kNN()"
"S_kNN","src/init.c	  {""S_kNN"", (DL_FUNC) &S_kNN, 2},"
"S_kNN","src/init.c	  //{""S_kNN_v2"", (DL_FUNC) &S_kNN_v2, 2},"
"S_kNN","src/kNN.cpp	    SEXP S_kNN(SEXP RX, SEXP Rk);"
"S_kNN","src/kNN.cpp	SEXP S_kNN(SEXP RX, SEXP Rk) {"
"S_kNN","src/kNN.cpp	    if (!Rf_isMatrix(RX)) { Rf_error(""S_kNN: RX must be a matrix""); }"
"S_kNN","src/kNN.cpp	    catch (...) { annDeallocPts(dataPts); annClose(); Rf_error(""S_kNN: kd-tree build failed""); }"
"S_kNN","src/mknn_graphs.cpp	#include ""kNN_r.h""            // For S_kNN()"
"S_kNN","src/mknn_graphs.cpp	    SEXP knn_res = PROTECT(S_kNN(RX, Rk));"
"S_kNN","src/mknn_graphs.cpp	        Rf_error(""MW_kNN_graph: Error in S_kNN: kNN index extraction failed."");"
"S_kNN","src/mknn_graphs.cpp	        Rf_error(""MW_kNN_graph: Error in S_kNN: kNN distances extraction failed."");"
"S_kNN","src/mknn_graphs.cpp	                Rf_error(""MW_kNN_graph: S_kNN returned an out-of-range neighbor index."");"
"S_kNN","src/riem_dcx.cpp	#include ""kNN_r.h""            // for S_kNN()"
"S_compute_basins_of_attraction_rtcb","src/init.c	  {""S_compute_basins_of_attraction_rtcb"", (DL_FUNC) &S_compute_basins_of_attraction_rtcb, 6},"
"S_compute_basins_of_attraction_rtcb","src/set_wgraph_basins_rtcb_r.cpp	extern ""C"" SEXP S_compute_basins_of_attraction_rtcb("
"S_compute_basins_of_attraction","src/gfc.cpp	    // Compute basins using compute_geodesic_basin (same as R's S_compute_basins_of_attraction)"
"S_compute_basins_of_attraction","src/init.c	  {""S_compute_basins_of_attraction"", (DL_FUNC) &S_compute_basins_of_attraction, 5},"
"S_compute_basins_of_attraction","src/init.c	  {""S_compute_basins_of_attraction_rtcb"", (DL_FUNC) &S_compute_basins_of_attraction_rtcb, 6},"
"S_compute_basins_of_attraction","src/set_wgraph_basins_r.cpp	extern ""C"" SEXP S_compute_basins_of_attraction("
"S_compute_basins_of_attraction","src/set_wgraph_basins_r.cpp	extern ""C"" SEXP S_compute_basins_of_attraction("
"S_compute_basins_of_attraction","src/set_wgraph_basins_rtcb_r.cpp	extern ""C"" SEXP S_compute_basins_of_attraction_rtcb("
"S_precompute_basin_vertex_metrics","src/basin_summary_r.cpp	extern ""C"" SEXP S_precompute_basin_vertex_metrics("
"S_precompute_basin_vertex_metrics","src/basin_summary_r.h	SEXP S_precompute_basin_vertex_metrics("
"S_precompute_basin_vertex_metrics","src/init.c	  {""S_precompute_basin_vertex_metrics"", (DL_FUNC) &S_precompute_basin_vertex_metrics, 3},"
"S_summary_basins_of_attraction_cpp","src/basin_summary_r.cpp	extern ""C"" SEXP S_summary_basins_of_attraction_cpp("
"S_summary_basins_of_attraction_cpp","src/basin_summary_r.h	SEXP S_summary_basins_of_attraction_cpp("
"S_summary_basins_of_attraction_cpp","src/init.c	  {""S_summary_basins_of_attraction_cpp"", (DL_FUNC) &S_summary_basins_of_attraction_cpp, 5},"
"S_compute_gfc_basins","src/gfc_basins_r.cpp	extern ""C"" SEXP S_compute_gfc_basins("
"S_compute_gfc_basins","src/init.c	  {""S_compute_gfc_basins"",      (DL_FUNC) &S_compute_gfc_basins, 7},"
"S_estimate_local_density_over_grid","src/density.cpp	    SEXP S_estimate_local_density_over_grid(SEXP s_x,"
"S_estimate_local_density_over_grid","src/density.cpp	SEXP S_estimate_local_density_over_grid(SEXP s_x,"
"S_estimate_local_density_over_grid","src/density.cpp	            Rf_error(""S_estimate_local_density_over_grid(): 'x' must be a non-empty numeric vector."");"
"S_estimate_local_density_over_grid","src/density.cpp	        Rf_error(""S_estimate_local_density_over_grid(): 'grid_size' must be a positive integer."");"
"S_estimate_local_density_over_grid","src/density.cpp	        Rf_error(""S_estimate_local_density_over_grid(): 'poffset' cannot be NA."");"
"S_estimate_local_density_over_grid","src/density.cpp	        Rf_error(""S_estimate_local_density_over_grid(): 'pilot_bandwidth' must be >= 0."");"
"S_estimate_local_density_over_grid","src/density.cpp	        Rf_error(""S_estimate_local_density_over_grid(): 'kernel_type' must be a non-negative integer."");"
"S_estimate_local_density_over_grid","src/density.cpp	        Rf_error(""S_estimate_local_density_over_grid(): 'verbose' must be TRUE/FALSE."");"
"S_estimate_local_density_over_grid","src/init.c	  {""S_estimate_local_density_over_grid"", (DL_FUNC) &S_estimate_local_density_over_grid, 6},"
"S_build_sparse_transition","src/diffusion_pseudotime_sparse_r.cpp	extern ""C"" SEXP S_build_sparse_transition("
"S_build_sparse_transition","src/init.c	  {""S_build_sparse_transition"", (DL_FUNC) &S_build_sparse_transition, 5},"
"S_compute_diffusion_pseudotime_sparse","src/diffusion_pseudotime_sparse_r.cpp	extern ""C"" SEXP S_compute_diffusion_pseudotime_sparse("
"S_compute_diffusion_pseudotime_sparse","src/init.c	  {""S_compute_diffusion_pseudotime_sparse"", (DL_FUNC) &S_compute_diffusion_pseudotime_sparse, 12},"
"S_compute_potential_pseudotime_sparse","src/diffusion_pseudotime_sparse_r.cpp	extern ""C"" SEXP S_compute_potential_pseudotime_sparse("
"S_compute_potential_pseudotime_sparse","src/init.c	  {""S_compute_potential_pseudotime_sparse"", (DL_FUNC) &S_compute_potential_pseudotime_sparse, 12},"
"S_angular_wasserstein_index","src/angular_wasserstein_index.cpp	    SEXP S_angular_wasserstein_index(SEXP s_X, SEXP s_Y, SEXP s_k);"
"S_angular_wasserstein_index","src/angular_wasserstein_index.cpp	 * .Call(""S_angular_wasserstein_index"", X, Y, as.integer(k))"
"S_angular_wasserstein_index","src/angular_wasserstein_index.cpp	SEXP S_angular_wasserstein_index(SEXP s_X, SEXP s_Y, SEXP s_k) {"
"S_angular_wasserstein_index","src/init.c	  {""S_angular_wasserstein_index"", (DL_FUNC) &S_angular_wasserstein_index, 3},"
"S_compute_extrema_hop_nbhds","src/gflow_cx_r.cpp		SEXP S_compute_extrema_hop_nbhds("
"S_compute_extrema_hop_nbhds","src/gflow_cx_r.cpp	SEXP S_compute_extrema_hop_nbhds("
"S_compute_extrema_hop_nbhds","src/init.c	  {""S_compute_extrema_hop_nbhds"", (DL_FUNC) &S_compute_extrema_hop_nbhds, 3},"
"S_find_graph_paths_within_radius","src/init.c	  {""S_find_graph_paths_within_radius"", (DL_FUNC) &S_find_graph_paths_within_radius, 4},"
"S_find_graph_paths_within_radius","src/set_wgraph.cpp	    SEXP S_find_graph_paths_within_radius("
"S_find_graph_paths_within_radius","src/set_wgraph.cpp	SEXP S_find_graph_paths_within_radius("
"S_construct_function_aware_graph","src/fn_graphs_r.cpp		SEXP S_construct_function_aware_graph("
"S_construct_function_aware_graph","src/fn_graphs_r.cpp	SEXP S_construct_function_aware_graph("
"S_construct_function_aware_graph","src/init.c	  {""S_construct_function_aware_graph"", (DL_FUNC) &S_construct_function_aware_graph, 14},"
"S_analyze_function_aware_weights","src/fn_graphs_r.cpp		SEXP S_analyze_function_aware_weights("
"S_analyze_function_aware_weights","src/fn_graphs_r.cpp	SEXP S_analyze_function_aware_weights("
"S_analyze_function_aware_weights","src/init.c	  {""S_analyze_function_aware_weights"", (DL_FUNC) &S_analyze_function_aware_weights, 12},"
"S_geodesic_core_endpoints","src/graph_core_endpoints_r.h	SEXP S_geodesic_core_endpoints(SEXP s_adj_list,"
"S_geodesic_core_endpoints","src/graph_core_endpoints.cpp	SEXP S_geodesic_core_endpoints(SEXP s_adj_list,"
"S_geodesic_core_endpoints","src/graph_core_endpoints.cpp	    validate_graph_inputs(adj_list, weight_list, ""S_geodesic_core_endpoints"");"
"S_geodesic_core_endpoints","src/graph_core_endpoints.cpp	        Rf_error(""S_geodesic_core_endpoints: core_quantile must be in (0, 1)."");"
"S_geodesic_core_endpoints","src/graph_core_endpoints.cpp	        Rf_error(""S_geodesic_core_endpoints: endpoint_quantile must be in [0, 1]."");"
"S_geodesic_core_endpoints","src/graph_core_endpoints.cpp	        ""S_geodesic_core_endpoints"""
"S_geodesic_core_endpoints","src/init.c	  {""S_geodesic_core_endpoints"", (DL_FUNC) &S_geodesic_core_endpoints, 9},"
"S_create_geodesic_iknn_graph","src/geodesic_iknn_graphs.cpp	extern ""C"" SEXP S_create_geodesic_iknn_graph(SEXP s_adj_list,"
"S_create_geodesic_iknn_graph","src/init.c	SEXP S_create_geodesic_iknn_graph(SEXP s_adj_list, SEXP s_weight_list, SEXP s_k);"
"S_create_geodesic_iknn_graph","src/init.c	  {""S_create_geodesic_iknn_graph"", (DL_FUNC) &S_create_geodesic_iknn_graph, 3},"
"S_compute_geodesic_stats","src/geodesic_stats_r.cpp	extern ""C"" SEXP S_compute_geodesic_stats("
"S_compute_geodesic_stats","src/geodesic_stats_r.cpp	        Rf_error(""S_compute_geodesic_stats(): min_radius and max_radius cannot be NA."");"
"S_compute_geodesic_stats","src/geodesic_stats_r.cpp	        Rf_error(""S_compute_geodesic_stats(): min_radius and max_radius must be > 0."");"
"S_compute_geodesic_stats","src/geodesic_stats_r.cpp	        Rf_error(""S_compute_geodesic_stats(): max_radius must be >= min_radius."");"
"S_compute_geodesic_stats","src/geodesic_stats_r.cpp	        Rf_error(""S_compute_geodesic_stats(): n_steps must be a positive integer."");"
"S_compute_geodesic_stats","src/geodesic_stats_r.cpp	        Rf_error(""S_compute_geodesic_stats(): n_packing_vertices must be >= 0."");"
"S_compute_geodesic_stats","src/geodesic_stats_r.cpp	        Rf_error(""S_compute_geodesic_stats(): max_packing_iterations must be >= 0."");"
"S_compute_geodesic_stats","src/geodesic_stats_r.cpp	        Rf_error(""S_compute_geodesic_stats(): packing_precision must be > 0."");"
"S_compute_geodesic_stats","src/geodesic_stats_r.cpp	        Rf_error(""S_compute_geodesic_stats(): verbose must be TRUE/FALSE."");"
"S_compute_geodesic_stats","src/init.c	  {""S_compute_geodesic_stats"", (DL_FUNC) &S_compute_geodesic_stats, 9},"
"S_compute_vertex_geodesic_stats","src/geodesic_stats_r.cpp	extern ""C"" SEXP S_compute_vertex_geodesic_stats("
"S_compute_vertex_geodesic_stats","src/geodesic_stats_r.cpp	        Rf_error(""S_compute_vertex_geodesic_stats(): 'grid_vertex' cannot be NA."");"
"S_compute_vertex_geodesic_stats","src/geodesic_stats_r.cpp	        Rf_error(""S_compute_vertex_geodesic_stats(): 'n_steps' must be a positive integer."");"
"S_compute_vertex_geodesic_stats","src/geodesic_stats_r.cpp	        Rf_error(""S_compute_vertex_geodesic_stats(): 'min_radius' and 'max_radius' cannot be NA."");"
"S_compute_vertex_geodesic_stats","src/geodesic_stats_r.cpp	        Rf_error(""S_compute_vertex_geodesic_stats(): 'min_radius' must be >= 0."");"
"S_compute_vertex_geodesic_stats","src/geodesic_stats_r.cpp	        Rf_error(""S_compute_vertex_geodesic_stats(): 'max_radius' must be > 0."");"
"S_compute_vertex_geodesic_stats","src/geodesic_stats_r.cpp	        Rf_error(""S_compute_vertex_geodesic_stats(): 'max_radius' must be >= 'min_radius'."");"
"S_compute_vertex_geodesic_stats","src/geodesic_stats_r.cpp	        Rf_error(""S_compute_vertex_geodesic_stats(): 'n_packing_vertices' must be >= 0."");"
"S_compute_vertex_geodesic_stats","src/geodesic_stats_r.cpp	        Rf_error(""S_compute_vertex_geodesic_stats(): 'packing_precision' must be > 0."");"
"S_compute_vertex_geodesic_stats","src/geodesic_stats_r.cpp	        Rf_error(""S_compute_vertex_geodesic_stats(): 'grid_vertex' out of bounds (1..%zu)."", n_vertices);"
"S_compute_vertex_geodesic_stats","src/init.c	  {""S_compute_vertex_geodesic_stats"", (DL_FUNC) &S_compute_vertex_geodesic_stats, 8},"
"S_gfassoc_membership","src/gfassoc_r.cpp	SEXP S_gfassoc_membership("
"S_gfassoc_membership","src/gfassoc_r.cpp	    SEXP s_y_membership = PROTECT(S_gfassoc_membership(s_y_lmax_basins, s_y_lmin_basins, s_n_vertices));"
"S_gfassoc_membership","src/gfassoc_r.cpp	    SEXP s_z_membership = PROTECT(S_gfassoc_membership(s_z_lmax_basins, s_z_lmin_basins, s_n_vertices));"
"S_gfassoc_membership","src/init.c	  {""S_gfassoc_membership"",      (DL_FUNC) &S_gfassoc_membership,      3},"
"S_gfassoc_polarity","src/gfassoc_r.cpp	SEXP S_gfassoc_polarity("
"S_gfassoc_polarity","src/gfassoc_r.cpp	    SEXP s_pol_y = PROTECT(S_gfassoc_polarity(s_y_hat, s_y_membership, s_polarity_scale, s_epsilon));"
"S_gfassoc_polarity","src/gfassoc_r.cpp	    SEXP s_pol_z = PROTECT(S_gfassoc_polarity(s_z_hat, s_z_membership, s_polarity_scale, s_epsilon));"
"S_gfassoc_polarity","src/init.c	  {""S_gfassoc_polarity"",        (DL_FUNC) &S_gfassoc_polarity,        4},"
"S_gfassoc_overlap","src/gfassoc_r.cpp	SEXP S_gfassoc_overlap("
"S_gfassoc_overlap","src/gfassoc_r.cpp	    SEXP s_overlap = PROTECT(S_gfassoc_overlap(s_y_membership, s_z_membership, s_vertex_mass));"
"S_gfassoc_overlap","src/init.c	  {""S_gfassoc_overlap"",         (DL_FUNC) &S_gfassoc_overlap,         3},"
"S_gfassoc_deviation","src/gfassoc_r.cpp	SEXP S_gfassoc_deviation("
"S_gfassoc_deviation","src/init.c	  {""S_gfassoc_deviation"",       (DL_FUNC) &S_gfassoc_deviation,       1},"
"S_gfassoc_basin_character","src/gfassoc_r.cpp	SEXP S_gfassoc_basin_character("
"S_gfassoc_basin_character","src/gfassoc_r.cpp	    SEXP s_basin_char = PROTECT(S_gfassoc_basin_character("
"S_gfassoc_basin_character","src/init.c	  {""S_gfassoc_basin_character"", (DL_FUNC) &S_gfassoc_basin_character, 5},"
"S_compute_gfc_flow","src/gfc_flow_r.cpp	SEXP S_compute_gfc_flow("
"S_compute_gfc_flow","src/gfc_flow_r.cpp	SEXP S_compute_gfc_flow_matrix("
"S_compute_gfc_flow","src/init.c	  {""S_compute_gfc_flow"",        (DL_FUNC) &S_compute_gfc_flow,        6},"
"S_compute_gfc_flow","src/init.c	  {""S_compute_gfc_flow_matrix"", (DL_FUNC) &S_compute_gfc_flow_matrix, 7},"
"S_compute_gfc_flow_matrix","src/gfc_flow_r.cpp	SEXP S_compute_gfc_flow_matrix("
"S_compute_gfc_flow_matrix","src/init.c	  {""S_compute_gfc_flow_matrix"", (DL_FUNC) &S_compute_gfc_flow_matrix, 7},"
"S_gfcor","src/gfassoc_r.cpp	SEXP S_gfcor("
"S_gfcor","src/init.c	  {""S_gfcor"",                   (DL_FUNC) &S_gfcor,                   8},"
"S_find_gflow_basins","src/gflow_basins_r.cpp	    SEXP S_find_gflow_basins("
"S_find_gflow_basins","src/gflow_basins_r.cpp	SEXP S_find_gflow_basins("
"S_find_gflow_basins","src/init.c	  {""S_find_gflow_basins"", (DL_FUNC) &S_find_gflow_basins, 6},"
"S_find_local_extrema","src/gflow_basins_r.cpp	    SEXP S_find_local_extrema("
"S_find_local_extrema","src/gflow_basins_r.cpp	SEXP S_find_local_extrema("
"S_find_local_extrema","src/init.c	  {""S_find_local_extrema"", (DL_FUNC) &S_find_local_extrema, 4},"
"S_create_gflow_cx","src/gflow_cx_r.cpp		SEXP S_create_gflow_cx("
"S_create_gflow_cx","src/gflow_cx_r.cpp	SEXP S_create_gflow_cx("
"S_create_gflow_cx","src/init.c	  {""S_create_gflow_cx"", (DL_FUNC) &S_create_gflow_cx, 12},"
"S_join_graphs","src/graph_utils.cpp	SEXP S_join_graphs(SEXP Rgraph1, SEXP Rgraph2, SEXP Ri1, SEXP Ri2) {"
"S_join_graphs","src/graph_utils.cpp	        Rf_error(""S_join_graphs(): Rgraph1 must be a list (adjacency list)."");"
"S_join_graphs","src/graph_utils.cpp	        Rf_error(""S_join_graphs(): Rgraph2 must be a list (adjacency list)."");"
"S_join_graphs","src/graph_utils.cpp	        Rf_error(""S_join_graphs(): i1 and i2 must be valid integers (not NA)."");"
"S_join_graphs","src/graph_utils.cpp	        Rf_error(""S_join_graphs(): i1 and i2 must be non-negative."");"
"S_join_graphs","src/graph_utils.cpp	        Rf_error(""S_join_graphs(): join_graphs() returned null."");"
"S_join_graphs","src/init.c	  {""S_join_graphs"", (DL_FUNC) &S_join_graphs, 4},"
"S_construct_graph_gradient_flow","src/graph_gradient_flow.cpp	    SEXP S_construct_graph_gradient_flow("
"S_construct_graph_gradient_flow","src/graph_gradient_flow.cpp	        Rf_error(""S_construct_graph_gradient_flow(): %s length (%lld) exceeds INT_MAX or is negative"","
"S_construct_graph_gradient_flow","src/graph_gradient_flow.cpp	SEXP S_construct_graph_gradient_flow("
"S_construct_graph_gradient_flow","src/init.c	  {""S_construct_graph_gradient_flow"", (DL_FUNC) &S_construct_graph_gradient_flow, 6},"
"S_create_maximal_packing","src/graph_maximal_packing_r.cpp	    SEXP S_create_maximal_packing(SEXP s_adj_list,"
"S_create_maximal_packing","src/graph_maximal_packing_r.cpp	SEXP S_create_maximal_packing(SEXP s_adj_list,"
"S_create_maximal_packing","src/init.c	  {""S_create_maximal_packing"", (DL_FUNC) &S_create_maximal_packing, 5},"
"S_graph_MS_cx_using_short_h_hops","src/graph_MS_cx.cpp	    SEXP S_graph_MS_cx_using_short_h_hops(SEXP s_graph,"
"S_graph_MS_cx_using_short_h_hops","src/graph_MS_cx.cpp	SEXP S_graph_MS_cx_using_short_h_hops(SEXP s_graph,"
"S_graph_MS_cx_using_short_h_hops","src/init.c	  {""S_graph_MS_cx_using_short_h_hops"", (DL_FUNC) &S_graph_MS_cx_using_short_h_hops, 4},"
"S_graph_MS_cx_with_path_search","src/graph_MS_cx.cpp	    SEXP S_graph_MS_cx_with_path_search(SEXP s_graph, SEXP s_core_graph, SEXP s_Ey);"
"S_graph_MS_cx_with_path_search","src/graph_MS_cx.cpp	SEXP S_graph_MS_cx_with_path_search(SEXP s_graph, SEXP s_core_graph, SEXP s_Ey) {"
"S_graph_MS_cx_with_path_search","src/init.c	  {""S_graph_MS_cx_with_path_search"", (DL_FUNC) &S_graph_MS_cx_with_path_search, 3},"
"S_graph_constrained_gradient_flow_trajectories","src/graph_MS_cx.cpp	    SEXP S_graph_constrained_gradient_flow_trajectories(SEXP s_graph, SEXP s_core_graph, SEXP s_Ey);"
"S_graph_constrained_gradient_flow_trajectories","src/graph_MS_cx.cpp	SEXP S_graph_constrained_gradient_flow_trajectories(SEXP s_graph, SEXP s_core_graph, SEXP s_Ey) {"
"S_graph_constrained_gradient_flow_trajectories","src/init.c	  {""S_graph_constrained_gradient_flow_trajectories"", (DL_FUNC) &S_graph_constrained_gradient_flow_trajectories, 3},"
"S_shortest_path","src/graph_shortest_path.cpp	    SEXP S_shortest_path(SEXP s_graph, SEXP s_edge_lengths, SEXP s_vertices);"
"S_shortest_path","src/graph_shortest_path.cpp	 * result <- .Call(""S_shortest_path"", graph, edge_lengths, vertices)"
"S_shortest_path","src/graph_shortest_path.cpp	SEXP S_shortest_path(SEXP s_graph, SEXP s_edge_lengths, SEXP s_vertices) {"
"S_shortest_path","src/init.c	  {""S_shortest_path"", (DL_FUNC) &S_shortest_path, 3},"
"S_shortest_path","src/SEXP_cpp_conversion_utils.cpp	 * @see S_shortest_path for an example of how this function is used in"
"S_graph_spectrum_plus","src/graph_spectrum.cpp	SEXP S_graph_spectrum_plus(SEXP Rgraph, SEXP Rnev, SEXP Rreturn_dense) {"
"S_graph_spectrum_plus","src/init.c	  {""S_graph_spectrum_plus"", (DL_FUNC) &S_graph_spectrum_plus, 3},"
"S_graph_spectrum","src/graph_spectrum.cpp	SEXP S_graph_spectrum(SEXP Rgraph, SEXP Rnev) {"
"S_graph_spectrum","src/graph_spectrum.cpp	 * S_graph_spectrum"
"S_graph_spectrum","src/graph_spectrum.cpp	SEXP S_graph_spectrum_plus(SEXP Rgraph, SEXP Rnev, SEXP Rreturn_dense) {"
"S_graph_spectrum","src/init.c	  {""S_graph_spectrum"", (DL_FUNC) &S_graph_spectrum, 2},"
"S_graph_spectrum","src/init.c	  {""S_graph_spectrum_plus"", (DL_FUNC) &S_graph_spectrum_plus, 3},"
"S_wgraph_prune_long_edges","src/init.c	  {""S_wgraph_prune_long_edges"", (DL_FUNC) &S_wgraph_prune_long_edges, 5},"
"S_wgraph_prune_long_edges","src/pruning_long_edges.cpp	SEXP S_wgraph_prune_long_edges(SEXP s_adj_list,"
"S_convert_adjacency_to_edge_matrix","src/graph_utils.cpp	SEXP S_convert_adjacency_to_edge_matrix(SEXP s_graph, SEXP s_weights) {"
"S_convert_adjacency_to_edge_matrix","src/graph_utils.cpp	SEXP S_convert_adjacency_to_edge_matrix_set(SEXP s_graph) {"
"S_convert_adjacency_to_edge_matrix","src/graph_utils.cpp	SEXP S_convert_adjacency_to_edge_matrix_unordered_set(SEXP s_graph) {"
"S_convert_adjacency_to_edge_matrix","src/init.c	  {""S_convert_adjacency_to_edge_matrix"", (DL_FUNC) &S_convert_adjacency_to_edge_matrix, 2},"
"S_convert_adjacency_to_edge_matrix","src/init.c	  {""S_convert_adjacency_to_edge_matrix_set"", (DL_FUNC) &S_convert_adjacency_to_edge_matrix_set, 1},"
"S_convert_adjacency_to_edge_matrix","src/init.c	  {""S_convert_adjacency_to_edge_matrix_unordered_set"", (DL_FUNC) &S_convert_adjacency_to_edge_matrix_unordered_set, 1},"
"S_graph_connected_components","src/graph_conn_components.cpp	 * components <- .Call(""S_graph_connected_components"", graph)"
"S_graph_connected_components","src/graph_conn_components.cpp	SEXP S_graph_connected_components(SEXP R_graph) {"
"S_graph_connected_components","src/init.c	  {""S_graph_connected_components"", (DL_FUNC) &S_graph_connected_components, 1},"
"S_compute_harmonic_extension","src/harmonic_extension_r.cpp	extern ""C"" SEXP S_compute_harmonic_extension("
"S_compute_harmonic_extension","src/init.c	  {""S_compute_harmonic_extension"", (DL_FUNC) &S_compute_harmonic_extension, 10},"
"S_select_max_density_trajectory","src/harmonic_extension_r.cpp	extern ""C"" SEXP S_select_max_density_trajectory("
"S_select_max_density_trajectory","src/init.c	  {""S_select_max_density_trajectory"", (DL_FUNC) &S_select_max_density_trajectory, 2},"
"S_perform_harmonic_smoothing","src/harmonic_smoother_r.cpp	    SEXP S_perform_harmonic_smoothing("
"S_perform_harmonic_smoothing","src/harmonic_smoother_r.cpp	SEXP S_perform_harmonic_smoothing("
"S_perform_harmonic_smoothing","src/harmonic_smoother_r.cpp	        REPORT_ERROR(""S_perform_harmonic_smoothing: length(harmonic_predictions)=%d but graph has %d vertices"","
"S_perform_harmonic_smoothing","src/harmonic_smoother_r.cpp	            REPORT_ERROR(""S_perform_harmonic_smoothing: region vertex index must be >= 1 (got %d)"", v_r);"
"S_perform_harmonic_smoothing","src/harmonic_smoother_r.cpp	            REPORT_ERROR(""S_perform_harmonic_smoothing: region vertex %d out of range [1, %d]"","
"S_perform_harmonic_smoothing","src/init.c	  {""S_perform_harmonic_smoothing"", (DL_FUNC) &S_perform_harmonic_smoothing, 6},"
"S_harmonic_smoother","src/harmonic_smoother_r.cpp	    SEXP S_harmonic_smoother("
"S_harmonic_smoother","src/harmonic_smoother_r.cpp	SEXP S_harmonic_smoother("
"S_harmonic_smoother","src/init.c	  {""S_harmonic_smoother"", (DL_FUNC) &S_harmonic_smoother, 9},"
"S_create_hHN_graph","src/hHN_graphs.cpp	    SEXP S_create_hHN_graph(SEXP s_adj_list, SEXP s_weight_list, SEXP s_h);"
"S_create_hHN_graph","src/hHN_graphs.cpp	 * result <- .Call(""S_create_hHN_graph"", adj_list, weight_list, h)"
"S_create_hHN_graph","src/hHN_graphs.cpp	SEXP S_create_hHN_graph(SEXP s_adj_list,"
"S_create_hHN_graph","src/init.c	  {""S_create_hHN_graph"", (DL_FUNC) &S_create_hHN_graph, 3},"
"S_create_single_iknn_graph","src/iknn_graphs.cpp	    SEXP S_create_single_iknn_graph("
"S_create_single_iknn_graph","src/iknn_graphs.cpp	SEXP S_create_single_iknn_graph(SEXP s_X,"
"S_create_single_iknn_graph","src/init.c	  {""S_create_single_iknn_graph"", (DL_FUNC) &S_create_single_iknn_graph, 13},"
"S_create_iknn_graphs","src/iknn_graphs.cpp	    SEXP S_create_iknn_graphs("
"S_create_iknn_graphs","src/iknn_graphs.cpp	//  Implementation of S_create_iknn_graphs() with edge birth/death time statistics"
"S_create_iknn_graphs","src/iknn_graphs.cpp	SEXP S_create_iknn_graphs("
"S_create_iknn_graphs","src/init.c	  {""S_create_iknn_graphs"", (DL_FUNC) &S_create_iknn_graphs, 17},"
"S_lcor_with_posterior_internal","src/init.c	  {""S_lcor_with_posterior_internal"", (DL_FUNC) &S_lcor_with_posterior_internal, 16},"
"S_lcor_with_posterior_internal","src/lcor_posterior_r.cpp	extern ""C"" SEXP S_lcor_with_posterior_internal("
"S_lcor_instrumented","src/init.c	  {""S_lcor_instrumented"", (DL_FUNC) &S_lcor_instrumented, 9},"
"S_lcor_instrumented","src/lcor_r.cpp	extern ""C"" SEXP S_lcor_instrumented("
"S_lcor_instrumented","src/lcor_r.cpp	 *       use S_lcor_instrumented() instead."
"S_lcor_instrumented","src/lcor_r.cpp	 * @see S_lcor_instrumented() for the version with full diagnostic output"
"S_lcor","src/init.c	  {""S_lcor"", (DL_FUNC) &S_lcor, 9},"
"S_lcor","src/init.c	  {""S_lcor_instrumented"", (DL_FUNC) &S_lcor_instrumented, 9},"
"S_lcor","src/init.c	  {""S_lcor_vector_matrix"", (DL_FUNC) &S_lcor_vector_matrix, 10},"
"S_lcor","src/init.c	  {""S_lcor_with_posterior_internal"", (DL_FUNC) &S_lcor_with_posterior_internal, 16},"
"S_lcor","src/lcor_posterior_r.cpp	extern ""C"" SEXP S_lcor_with_posterior_internal("
"S_lcor","src/lcor_r.cpp	 * // result <- .Call(S_lcor, adj.list, weight.list, "
"S_lcor","src/lcor_r.cpp	extern ""C"" SEXP S_lcor_instrumented("
"S_lcor","src/lcor_r.cpp	 *       use S_lcor_instrumented() instead."
"S_lcor","src/lcor_r.cpp	 * @see S_lcor_instrumented() for the version with full diagnostic output"
"S_lcor","src/lcor_r.cpp	extern ""C"" SEXP S_lcor("
"S_lcor","src/lcor_r.cpp	extern ""C"" SEXP S_lcor_vector_matrix("
"S_lcor_vector_matrix","src/init.c	  {""S_lcor_vector_matrix"", (DL_FUNC) &S_lcor_vector_matrix, 10},"
"S_lcor_vector_matrix","src/lcor_r.cpp	extern ""C"" SEXP S_lcor_vector_matrix("
"S_detect_local_extrema","src/init.c	  {""S_detect_local_extrema"", (DL_FUNC) &S_detect_local_extrema, 6},"
"S_detect_local_extrema","src/local_extrema_r.cpp	    SEXP S_detect_local_extrema("
"S_detect_local_extrema","src/local_extrema_r.cpp	SEXP S_detect_local_extrema("
"S_prune_graph_local_geodesic","src/init.c	  {""S_prune_graph_local_geodesic"", (DL_FUNC) &S_prune_graph_local_geodesic, 6},"
"S_prune_graph_local_geodesic","src/local_geodesic_pruning_r.h	SEXP S_prune_graph_local_geodesic(SEXP s_X,"
"S_prune_graph_local_geodesic","src/local_geodesic_pruning.cpp	extern ""C"" SEXP S_prune_graph_local_geodesic(SEXP s_X,"
"S_prune_graph_global_geodesic_ratio","src/init.c	  {""S_prune_graph_global_geodesic_ratio"", (DL_FUNC) &S_prune_graph_global_geodesic_ratio, 5},"
"S_prune_graph_global_geodesic_ratio","src/local_geodesic_pruning_r.h	SEXP S_prune_graph_global_geodesic_ratio(SEXP s_adj_list,"
"S_prune_graph_global_geodesic_ratio","src/local_geodesic_pruning.cpp	extern ""C"" SEXP S_prune_graph_global_geodesic_ratio(SEXP s_adj_list,"
"S_lslope_gradient_instrumented","src/init.c	  {""S_lslope_gradient_instrumented"", (DL_FUNC) &S_lslope_gradient_instrumented, 11},"
"S_lslope_gradient_instrumented","src/lslope_r.cpp	extern ""C"" SEXP S_lslope_gradient_instrumented("
"S_lslope_gradient","src/init.c	  {""S_lslope_gradient_instrumented"", (DL_FUNC) &S_lslope_gradient_instrumented, 11},"
"S_lslope_gradient","src/init.c	  {""S_lslope_gradient"", (DL_FUNC) &S_lslope_gradient, 11},"
"S_lslope_gradient","src/lslope_r.cpp	extern ""C"" SEXP S_lslope_gradient_instrumented("
"S_lslope_gradient","src/lslope_r.cpp	extern ""C"" SEXP S_lslope_gradient("
"S_lslope_vector_matrix","src/init.c	  {""S_lslope_vector_matrix"", (DL_FUNC) &S_lslope_vector_matrix, 11},"
"S_lslope_vector_matrix","src/lslope_vector_matrix_r.cpp	extern ""C"" SEXP S_lslope_vector_matrix("
"S_lslope_neighborhood","src/init.c	  {""S_lslope_neighborhood"", (DL_FUNC) &S_lslope_neighborhood, 8},"
"S_lslope_neighborhood","src/lslope_r.cpp	extern ""C"" SEXP S_lslope_neighborhood("
"S_construct_madag","src/init.c	  {""S_construct_madag"", (DL_FUNC) &S_construct_madag, 6},"
"S_construct_madag","src/madag_r.cpp	SEXP S_construct_madag("
"S_enumerate_cell_trajectories","src/init.c	  {""S_enumerate_cell_trajectories"", (DL_FUNC) &S_enumerate_cell_trajectories, 4},"
"S_enumerate_cell_trajectories","src/madag_r.cpp	SEXP S_enumerate_cell_trajectories("
"S_sample_cell_trajectories","src/init.c	  {""S_sample_cell_trajectories"", (DL_FUNC) &S_sample_cell_trajectories, 5},"
"S_sample_cell_trajectories","src/madag_r.cpp	SEXP S_sample_cell_trajectories("
"S_trajectory_similarity_matrix","src/init.c	  {""S_trajectory_similarity_matrix"", (DL_FUNC) &S_trajectory_similarity_matrix, 2},"
"S_trajectory_similarity_matrix","src/madag_r.cpp	SEXP S_trajectory_similarity_matrix("
"S_identify_bottlenecks","src/init.c	  {""S_identify_bottlenecks"", (DL_FUNC) &S_identify_bottlenecks, 3},"
"S_identify_bottlenecks","src/madag_r.cpp	SEXP S_identify_bottlenecks("
"S_detect_major_arms","src/graph_core_endpoints_r.h	SEXP S_detect_major_arms(SEXP s_adj_list,"
"S_detect_major_arms","src/graph_core_endpoints.cpp	SEXP S_detect_major_arms(SEXP s_adj_list,"
"S_detect_major_arms","src/graph_core_endpoints.cpp	    validate_graph_inputs(adj_list, weight_list, ""S_detect_major_arms"");"
"S_detect_major_arms","src/graph_core_endpoints.cpp	        Rf_error(""S_detect_major_arms: core_quantile must be in (0, 1)."");"
"S_detect_major_arms","src/graph_core_endpoints.cpp	        Rf_error(""S_detect_major_arms: min_persistence_quantile must be in [0, 1]."");"
"S_detect_major_arms","src/graph_core_endpoints.cpp	        Rf_error(""S_detect_major_arms: min_length_quantile must be in [0, 1]."");"
"S_detect_major_arms","src/graph_core_endpoints.cpp	        ""S_detect_major_arms"""
"S_detect_major_arms","src/init.c	  {""S_detect_major_arms"", (DL_FUNC) &S_detect_major_arms, 11},"
"S_mean_shift_data_smoother","src/init.c	  {""S_mean_shift_data_smoother"", (DL_FUNC) &S_mean_shift_data_smoother, 11},"
"S_mean_shift_data_smoother","src/init.c	  {""S_mean_shift_data_smoother_with_grad_field_averaging"", (DL_FUNC) &S_mean_shift_data_smoother_with_grad_field_averaging, 8},"
"S_mean_shift_data_smoother","src/init.c	  {""S_mean_shift_data_smoother_adaptive"", (DL_FUNC) &S_mean_shift_data_smoother_adaptive, 8},"
"S_mean_shift_data_smoother","src/mean_shift_smoother.cpp	    SEXP S_mean_shift_data_smoother(SEXP s_X,"
"S_mean_shift_data_smoother","src/mean_shift_smoother.cpp	    SEXP S_mean_shift_data_smoother_with_grad_field_averaging(SEXP s_X,"
"S_mean_shift_data_smoother","src/mean_shift_smoother.cpp	    SEXP S_mean_shift_data_smoother_adaptive(SEXP s_X,"
"S_mean_shift_data_smoother","src/mean_shift_smoother.cpp	 * result <- .Call(""S_mean_shift_data_smoother_with_grad_field_averaging"","
"S_mean_shift_data_smoother","src/mean_shift_smoother.cpp	SEXP S_mean_shift_data_smoother_with_grad_field_averaging(SEXP s_X,"
"S_mean_shift_data_smoother","src/mean_shift_smoother.cpp	 * result <- .Call(""S_mean_shift_data_smoother_adaptive"","
"S_mean_shift_data_smoother","src/mean_shift_smoother.cpp	SEXP S_mean_shift_data_smoother_adaptive(SEXP s_X,"
"S_mean_shift_data_smoother","src/mean_shift_smoother.cpp	SEXP S_mean_shift_data_smoother(SEXP s_X,"
"S_mean_shift_data_smoother","src/SEXP_cpp_conversion_utils.cpp	 * internally by the S_mean_shift_data_smoother function to prepare its return value for R."
"S_mean_shift_data_smoother_with_grad_field_averaging","src/init.c	  {""S_mean_shift_data_smoother_with_grad_field_averaging"", (DL_FUNC) &S_mean_shift_data_smoother_with_grad_field_averaging, 8},"
"S_mean_shift_data_smoother_with_grad_field_averaging","src/mean_shift_smoother.cpp	    SEXP S_mean_shift_data_smoother_with_grad_field_averaging(SEXP s_X,"
"S_mean_shift_data_smoother_with_grad_field_averaging","src/mean_shift_smoother.cpp	 * result <- .Call(""S_mean_shift_data_smoother_with_grad_field_averaging"","
"S_mean_shift_data_smoother_with_grad_field_averaging","src/mean_shift_smoother.cpp	SEXP S_mean_shift_data_smoother_with_grad_field_averaging(SEXP s_X,"
"S_mean_shift_data_smoother_adaptive","src/init.c	  {""S_mean_shift_data_smoother_adaptive"", (DL_FUNC) &S_mean_shift_data_smoother_adaptive, 8},"
"S_mean_shift_data_smoother_adaptive","src/mean_shift_smoother.cpp	    SEXP S_mean_shift_data_smoother_adaptive(SEXP s_X,"
"S_mean_shift_data_smoother_adaptive","src/mean_shift_smoother.cpp	 * result <- .Call(""S_mean_shift_data_smoother_adaptive"","
"S_mean_shift_data_smoother_adaptive","src/mean_shift_smoother.cpp	SEXP S_mean_shift_data_smoother_adaptive(SEXP s_X,"
"S_metric_graph_lowpass_operator","src/init.c	  {""S_metric_graph_lowpass_operator"", (DL_FUNC) &S_metric_graph_lowpass_operator, 10},"
"S_metric_graph_lowpass_operator","src/metric_graph_lowpass_r.h	SEXP S_metric_graph_lowpass_operator("
"S_metric_graph_lowpass_operator","src/metric_graph_lowpass.cpp	extern ""C"" SEXP S_metric_graph_lowpass_operator("
"S_metric_graph_lowpass_spectrum","src/init.c	  {""S_metric_graph_lowpass_spectrum"", (DL_FUNC) &S_metric_graph_lowpass_spectrum, 16},"
"S_metric_graph_lowpass_spectrum","src/metric_graph_lowpass_r.h	SEXP S_metric_graph_lowpass_spectrum("
"S_metric_graph_lowpass_spectrum","src/metric_graph_lowpass.cpp	extern ""C"" SEXP S_metric_graph_lowpass_spectrum("
"S_create_mknn_graph","src/init.c	  {""S_create_mknn_graph"", (DL_FUNC) &S_create_mknn_graph, 2},"
"S_create_mknn_graph","src/init.c	  {""S_create_mknn_graphs"", (DL_FUNC) &S_create_mknn_graphs, 7},"
"S_create_mknn_graph","src/mknn_graphs.cpp	    SEXP S_create_mknn_graph(SEXP RX, SEXP Rk);"
"S_create_mknn_graph","src/mknn_graphs.cpp	    SEXP S_create_mknn_graphs("
"S_create_mknn_graph","src/mknn_graphs.cpp	SEXP S_create_mknn_graphs("
"S_create_mknn_graph","src/mknn_graphs.cpp	SEXP S_create_mknn_graph(SEXP RX, SEXP Rk) {"
"S_create_mknn_graphs","src/init.c	  {""S_create_mknn_graphs"", (DL_FUNC) &S_create_mknn_graphs, 7},"
"S_create_mknn_graphs","src/mknn_graphs.cpp	    SEXP S_create_mknn_graphs("
"S_create_mknn_graphs","src/mknn_graphs.cpp	SEXP S_create_mknn_graphs("
"S_create_mst_completion_graph","src/init.c	  {""S_create_mst_completion_graph"", (DL_FUNC) &S_create_mst_completion_graph, 3},"
"S_create_mst_completion_graph","src/mst_completion_graphs_r.cpp	 *   res <- .Call(""S_create_mst_completion_graph"", X, 0.9, TRUE)"
"S_create_mst_completion_graph","src/mst_completion_graphs_r.cpp	extern ""C"" SEXP S_create_mst_completion_graph("
"S_create_nerve_complex","src/init.c	  {""S_create_nerve_complex"", (DL_FUNC) &S_create_nerve_complex, 3},"
"S_create_nerve_complex","src/nerve_cx_r.cpp		SEXP S_create_nerve_complex(SEXP s_X, SEXP s_k, SEXP s_max_dim);"
"S_create_nerve_complex","src/nerve_cx_r.cpp	SEXP S_create_nerve_complex(SEXP s_X, SEXP s_k, SEXP s_max_dim) {"
"S_set_function_values","src/init.c	  {""S_set_function_values"", (DL_FUNC) &S_set_function_values, 2},"
"S_set_function_values","src/nerve_cx_r.cpp		SEXP S_set_function_values(SEXP s_complex_ptr, SEXP s_values);"
"S_set_function_values","src/nerve_cx_r.cpp	SEXP S_set_function_values(SEXP s_complex_ptr, SEXP s_values) {"
"S_set_weight_scheme","src/init.c	  {""S_set_weight_scheme"", (DL_FUNC) &S_set_weight_scheme, 3},"
"S_set_weight_scheme","src/nerve_cx_r.cpp		SEXP S_set_weight_scheme(SEXP s_complex_ptr, SEXP s_weight_type, SEXP s_params);"
"S_set_weight_scheme","src/nerve_cx_r.cpp	SEXP S_set_weight_scheme(SEXP s_complex_ptr, SEXP s_weight_type, SEXP s_params) {"
"S_solve_full_laplacian","src/init.c	  {""S_solve_full_laplacian"", (DL_FUNC) &S_solve_full_laplacian, 3},"
"S_solve_full_laplacian","src/nerve_cx_r.cpp		SEXP S_solve_full_laplacian(SEXP s_complex_ptr, SEXP s_lambda, SEXP s_dim_weights);"
"S_solve_full_laplacian","src/nerve_cx_r.cpp	SEXP S_solve_full_laplacian(SEXP s_complex_ptr, SEXP s_lambda, SEXP s_dim_weights) {"
"S_get_simplex_counts","src/init.c	  {""S_get_simplex_counts"", (DL_FUNC) &S_get_simplex_counts, 1},"
"S_get_simplex_counts","src/nerve_cx_r.cpp		SEXP S_get_simplex_counts(SEXP s_complex_ptr);"
"S_get_simplex_counts","src/nerve_cx_r.cpp	SEXP S_get_simplex_counts(SEXP s_complex_ptr) {"
"S_extract_skeleton_graph","src/init.c	  {""S_extract_skeleton_graph"", (DL_FUNC) &S_extract_skeleton_graph, 1},"
"S_extract_skeleton_graph","src/nerve_cx_r.cpp	    SEXP S_extract_skeleton_graph(SEXP s_complex_ptr);"
"S_extract_skeleton_graph","src/nerve_cx_r.cpp		SEXP S_extract_skeleton_graph(SEXP s_complex_ptr);"
"S_extract_skeleton_graph","src/nerve_cx_r.cpp	SEXP S_extract_skeleton_graph(SEXP s_complex_ptr) {"
"S_parameterize_circular_graph","src/init.c	  {""S_parameterize_circular_graph"", (DL_FUNC) &S_parameterize_circular_graph, 3},"
"S_parameterize_circular_graph","src/parameterize_circular_graph_r.cpp	    SEXP S_parameterize_circular_graph("
"S_parameterize_circular_graph","src/parameterize_circular_graph_r.cpp	SEXP S_parameterize_circular_graph("
"S_partition_graph","src/init.c	  {""S_partition_graph"",        (DL_FUNC) &S_partition_graph, 4},"
"S_partition_graph","src/partition_graph_r.cpp	extern ""C"" SEXP S_partition_graph(SEXP s_adj_list, SEXP s_weight_list,"
"S_create_path_graph_plus","src/init.c	  {""S_create_path_graph_plus"", (DL_FUNC) &S_create_path_graph_plus, 3},"
"S_create_path_graph_plus","src/path_graphs.cpp	    SEXP S_create_path_graph_plus(SEXP s_adj_list,"
"S_create_path_graph_plus","src/path_graphs.cpp	SEXP S_create_path_graph_plus(SEXP s_adj_list,"
"S_create_path_graph_plus","src/path_graphs.cpp	 * It extends the functionality of S_create_path_graph_plus by adding vertex path information."
"S_create_path_graph_plus","src/path_graphs.cpp	 * @see S_create_path_graph_plus"
"S_create_path_graph_plus","src/path_graphs.cpp	        SEXP base_components = PROTECT(S_create_path_graph_plus(        // [P2]"
"S_create_path_graph_series","src/init.c	  {""S_create_path_graph_series"", (DL_FUNC) &S_create_path_graph_series, 3},"
"S_create_path_graph_series","src/path_graphs.cpp	    SEXP S_create_path_graph_series(SEXP s_adj_list,"
"S_create_path_graph_series","src/path_graphs.cpp	SEXP S_create_path_graph_series(SEXP s_adj_list,"
"S_create_path_graph_plm","src/init.c	  {""S_create_path_graph_plm"", (DL_FUNC) &S_create_path_graph_plm, 3},"
"S_create_path_graph_plm","src/path_graphs.cpp	    SEXP S_create_path_graph_plm(SEXP s_adj_list,"
"S_create_path_graph_plm","src/path_graphs.cpp	SEXP S_create_path_graph_plm(SEXP s_adj_list,"
"S_create_path_graph_plm","src/path_graphs.cpp	 * This function takes the R list output from S_create_path_graph_plm and reconstructs"
"S_create_path_graph_plm","src/path_graphs.cpp	 * @see S_create_path_graph_plm"
"S_phate_build_kernel","src/init.c	  {""S_phate_build_kernel"", (DL_FUNC) &S_phate_build_kernel, 7},"
"S_phate_build_kernel","src/phate_core_r.cpp	extern ""C"" SEXP S_phate_build_kernel(SEXP s_D,"
"S_phate_build_kernel","src/phate_core_r.h	SEXP S_phate_build_kernel(SEXP s_D,"
"S_adaptive_radius_edges_ann","src/adaptive_radius_graph_ann.cpp	extern ""C"" SEXP S_adaptive_radius_edges_ann(SEXP s_X,"
"S_adaptive_radius_edges_ann","src/init.c	SEXP S_adaptive_radius_edges_ann(SEXP s_X, SEXP s_k_scale, SEXP s_radius_factor,"
"S_adaptive_radius_edges_ann","src/init.c	  {""S_adaptive_radius_edges_ann"", (DL_FUNC) &S_adaptive_radius_edges_ann, 4},"
"S_rlaplace","src/init.c	  {""S_rlaplace"", (DL_FUNC) &S_rlaplace, 4},"
"S_rlaplace","src/random_sampling.cpp	    SEXP S_rlaplace(SEXP R_n, SEXP R_location, SEXP R_scale, SEXP R_seed);"
"S_rlaplace","src/random_sampling.cpp	 * result <- .Call(""S_rlaplace"", 1000L, 0.0, 1.0, 12345L)  # With specific seed"
"S_rlaplace","src/random_sampling.cpp	 * result <- .Call(""S_rlaplace"", 1000L, 0.0, 1.0, NULL)    # With random seed"
"S_rlaplace","src/random_sampling.cpp	SEXP S_rlaplace(SEXP R_n, SEXP R_location, SEXP R_scale, SEXP R_seed) {"
"_gflow_rcpp_compute_graph_endpoint_scores","src/init.c	SEXP _gflow_rcpp_compute_graph_endpoint_scores(SEXP, SEXP, SEXP, SEXP, SEXP, SEXP, SEXP, SEXP, SEXP);"
"_gflow_rcpp_compute_graph_endpoint_scores","src/init.c	  {""_gflow_rcpp_compute_graph_endpoint_scores"", (DL_FUNC) &_gflow_rcpp_compute_graph_endpoint_scores, 9},"
"_gflow_rcpp_compute_graph_endpoint_scores","src/RcppExports.cpp	RcppExport SEXP _gflow_rcpp_compute_graph_endpoint_scores(SEXP adj_listSEXP, SEXP weight_listSEXP, SEXP layout_3dSEXP, SEXP scalesSEXP, SEXP neighborhoodSEXP, SEXP qSEXP, SEXP neighbor_weightingSEXP, SEXP gaussian_sigmaSEXP, SEXP min_neighborhood_sizeSEXP) {"
"_gflow_rcpp_graph_multi_source_support_by_scale","src/init.c	SEXP _gflow_rcpp_graph_multi_source_support_by_scale(SEXP, SEXP, SEXP, SEXP);"
"_gflow_rcpp_graph_multi_source_support_by_scale","src/init.c	  {""_gflow_rcpp_graph_multi_source_support_by_scale"", (DL_FUNC) &_gflow_rcpp_graph_multi_source_support_by_scale, 4},"
"_gflow_rcpp_graph_multi_source_support_by_scale","src/RcppExports.cpp	RcppExport SEXP _gflow_rcpp_graph_multi_source_support_by_scale(SEXP adj_listSEXP, SEXP weight_listSEXP, SEXP local_max_by_scaleSEXP, SEXP radiusSEXP) {"
"_gflow_rcpp_graph_greedy_maxima_suppression_by_scale","src/init.c	SEXP _gflow_rcpp_graph_greedy_maxima_suppression_by_scale(SEXP, SEXP, SEXP, SEXP, SEXP);"
"_gflow_rcpp_graph_greedy_maxima_suppression_by_scale","src/init.c	  {""_gflow_rcpp_graph_greedy_maxima_suppression_by_scale"", (DL_FUNC) &_gflow_rcpp_graph_greedy_maxima_suppression_by_scale, 5},"
"_gflow_rcpp_graph_greedy_maxima_suppression_by_scale","src/RcppExports.cpp	RcppExport SEXP _gflow_rcpp_graph_greedy_maxima_suppression_by_scale(SEXP adj_listSEXP, SEXP weight_listSEXP, SEXP local_max_by_scaleSEXP, SEXP score_by_scaleSEXP, SEXP radiusSEXP) {"
"_gflow_Rcpp_graph_kernel_smoother","src/init.c	SEXP _gflow_Rcpp_graph_kernel_smoother(SEXP, SEXP, SEXP, SEXP, SEXP);"
"_gflow_Rcpp_graph_kernel_smoother","src/init.c	  {""_gflow_Rcpp_graph_kernel_smoother"", (DL_FUNC) &_gflow_Rcpp_graph_kernel_smoother, 5},"
"_gflow_Rcpp_graph_kernel_smoother","src/RcppExports.cpp	RcppExport SEXP _gflow_Rcpp_graph_kernel_smoother(SEXP adjSEXP, SEXP wSEXP, SEXP ySEXP, SEXP bandwidthSEXP, SEXP with_detailsSEXP) {"
"_gflow_rcpp_kernel_local_polynomial_cv_coordinates","src/init.c	SEXP _gflow_rcpp_kernel_local_polynomial_cv_coordinates(SEXP, SEXP, SEXP, SEXP, SEXP, SEXP);"
"_gflow_rcpp_kernel_local_polynomial_cv_coordinates","src/init.c	  {""_gflow_rcpp_kernel_local_polynomial_cv_coordinates"", (DL_FUNC) &_gflow_rcpp_kernel_local_polynomial_cv_coordinates, 6},"
"_gflow_rcpp_kernel_local_polynomial_cv_coordinates","src/RcppExports.cpp	RcppExport SEXP _gflow_rcpp_kernel_local_polynomial_cv_coordinates(SEXP XSEXP, SEXP ySEXP, SEXP foldidSEXP, SEXP support_sizeSEXP, SEXP degreeSEXP, SEXP kernelSEXP) {"
"_gflow_rcpp_kernel_local_polynomial_predict_coordinates","src/init.c	SEXP _gflow_rcpp_kernel_local_polynomial_predict_coordinates(SEXP, SEXP, SEXP, SEXP, SEXP, SEXP);"
"_gflow_rcpp_kernel_local_polynomial_predict_coordinates","src/init.c	  {""_gflow_rcpp_kernel_local_polynomial_predict_coordinates"", (DL_FUNC) &_gflow_rcpp_kernel_local_polynomial_predict_coordinates, 6},"
"_gflow_rcpp_kernel_local_polynomial_predict_coordinates","src/RcppExports.cpp	RcppExport SEXP _gflow_rcpp_kernel_local_polynomial_predict_coordinates(SEXP X_trainSEXP, SEXP y_trainSEXP, SEXP X_evalSEXP, SEXP support_sizeSEXP, SEXP degreeSEXP, SEXP kernelSEXP) {"
"_gflow_rcpp_local_pca_chart","src/init.c	SEXP _gflow_rcpp_local_pca_chart(SEXP, SEXP, SEXP, SEXP, SEXP, SEXP, SEXP, SEXP, SEXP);"
"_gflow_rcpp_local_pca_chart","src/init.c	  {""_gflow_rcpp_local_pca_chart"", (DL_FUNC) &_gflow_rcpp_local_pca_chart, 9},"
"_gflow_rcpp_local_pca_chart","src/RcppExports.cpp	RcppExport SEXP _gflow_rcpp_local_pca_chart(SEXP X_supportSEXP, SEXP centerSEXP, SEXP chart_dimSEXP, SEXP center_modeSEXP, SEXP dim_ruleSEXP, SEXP eigen_toleranceSEXP, SEXP weightsSEXP, SEXP rebase_to_anchorSEXP, SEXP orient_basisSEXP) {"
"_gflow_rcpp_adaptive_mean_shift_gfa","src/init.c	SEXP _gflow_rcpp_adaptive_mean_shift_gfa(SEXP, SEXP, SEXP, SEXP, SEXP, SEXP, SEXP, SEXP, SEXP, SEXP, SEXP);"
"_gflow_rcpp_adaptive_mean_shift_gfa","src/init.c	  {""_gflow_rcpp_adaptive_mean_shift_gfa"", (DL_FUNC) &_gflow_rcpp_adaptive_mean_shift_gfa, 11},"
"_gflow_rcpp_adaptive_mean_shift_gfa","src/RcppExports.cpp	RcppExport SEXP _gflow_rcpp_adaptive_mean_shift_gfa(SEXP XSEXP, SEXP kSEXP, SEXP density_kSEXP, SEXP n_stepsSEXP, SEXP initial_step_sizeSEXP, SEXP ikernelSEXP, SEXP dist_normalization_factorSEXP, SEXP average_direction_onlySEXP, SEXP momentumSEXP, SEXP increase_factorSEXP, SEXP decrease_factorSEXP) {"
"_gflow_rcpp_knn_adaptive_mean_shift_gfa","src/init.c	SEXP _gflow_rcpp_knn_adaptive_mean_shift_gfa(SEXP, SEXP, SEXP, SEXP, SEXP, SEXP, SEXP, SEXP);"
"_gflow_rcpp_knn_adaptive_mean_shift_gfa","src/init.c	  {""_gflow_rcpp_knn_adaptive_mean_shift_gfa"", (DL_FUNC) &_gflow_rcpp_knn_adaptive_mean_shift_gfa, 8},"
"_gflow_rcpp_knn_adaptive_mean_shift_gfa","src/RcppExports.cpp	RcppExport SEXP _gflow_rcpp_knn_adaptive_mean_shift_gfa(SEXP XSEXP, SEXP kSEXP, SEXP density_kSEXP, SEXP n_stepsSEXP, SEXP step_sizeSEXP, SEXP ikernelSEXP, SEXP dist_normalization_factorSEXP, SEXP average_direction_onlySEXP) {"
"_gflow_rcpp_quadform_delaunay_edges_3d","src/init.c	SEXP _gflow_rcpp_quadform_delaunay_edges_3d(SEXP, SEXP);"
"_gflow_rcpp_quadform_delaunay_edges_3d","src/init.c	  {""_gflow_rcpp_quadform_delaunay_edges_3d"", (DL_FUNC) &_gflow_rcpp_quadform_delaunay_edges_3d, 2},"
"_gflow_rcpp_quadform_delaunay_edges_3d","src/RcppExports.cpp	RcppExport SEXP _gflow_rcpp_quadform_delaunay_edges_3d(SEXP XSEXP, SEXP qhull_optionsSEXP) {"
"_gflow_rcpp_quadform_edge_lengths","src/init.c	SEXP _gflow_rcpp_quadform_edge_lengths(SEXP, SEXP, SEXP, SEXP);"
"_gflow_rcpp_quadform_edge_lengths","src/init.c	  {""_gflow_rcpp_quadform_edge_lengths"", (DL_FUNC) &_gflow_rcpp_quadform_edge_lengths, 4},"
"_gflow_rcpp_quadform_edge_lengths","src/RcppExports.cpp	RcppExport SEXP _gflow_rcpp_quadform_edge_lengths(SEXP USEXP, SEXP VSEXP, SEXP index_kSEXP, SEXP coefficientsSEXP) {"
"_gflow_rcpp_quadform_grid_pair_distances","src/init.c	SEXP _gflow_rcpp_quadform_grid_pair_distances(SEXP, SEXP, SEXP, SEXP, SEXP, SEXP);"
"_gflow_rcpp_quadform_grid_pair_distances","src/init.c	  {""_gflow_rcpp_quadform_grid_pair_distances"", (DL_FUNC) &_gflow_rcpp_quadform_grid_pair_distances, 6},"
"_gflow_rcpp_quadform_grid_pair_distances","src/RcppExports.cpp	RcppExport SEXP _gflow_rcpp_quadform_grid_pair_distances(SEXP index_kSEXP, SEXP coefficientsSEXP, SEXP domain_shapeSEXP, SEXP domain_radiusSEXP, SEXP grid_sizeSEXP, SEXP pair_pointsSEXP) {"
"_gflow_rcpp_quadform_grid_geodesic_distances","src/init.c	SEXP _gflow_rcpp_quadform_grid_geodesic_distances(SEXP, SEXP, SEXP, SEXP, SEXP, SEXP, SEXP, SEXP, SEXP, SEXP, SEXP);"
"_gflow_rcpp_quadform_grid_geodesic_distances","src/init.c	  {""_gflow_rcpp_quadform_grid_geodesic_distances"", (DL_FUNC) &_gflow_rcpp_quadform_grid_geodesic_distances, 11},"
"_gflow_rcpp_quadform_grid_geodesic_distances","src/RcppExports.cpp	RcppExport SEXP _gflow_rcpp_quadform_grid_geodesic_distances(SEXP XSEXP, SEXP index_kSEXP, SEXP coefficientsSEXP, SEXP domain_shapeSEXP, SEXP domain_radiusSEXP, SEXP grid_sizeSEXP, SEXP sample_connection_kSEXP, SEXP with_oracleSEXP, SEXP oracle_tube_radiusSEXP, SEXP oracle_tube_kSEXP, SEXP return_oracle_pathsSEXP) {"
"S_compute_posterior_summary","src/riem_dcx_posterior_r.cpp	extern ""C"" SEXP S_compute_posterior_summary("
"S_fit_rdgraph_regression","src/init.c	  {""S_fit_rdgraph_regression"", (DL_FUNC) &S_fit_rdgraph_regression, 42},"
"S_fit_rdgraph_regression","src/riem_dcx_regression_r.cpp	extern ""C"" SEXP S_fit_rdgraph_regression("
"S_compute_hop_extremp_radii_batch","src/init.c	  {""S_compute_hop_extremp_radii_batch"", (DL_FUNC) &S_compute_hop_extremp_radii_batch, 8},"
"S_compute_hop_extremp_radii_batch","src/riem_dcx.cpp	extern ""C"" SEXP S_compute_hop_extremp_radii_batch("
"S_compute_hop_extremp_radii_batch","src/riem_dcx.cpp	        Rf_error(""S_compute_hop_extremp_radii_batch: adj_list must be a list"");"
"S_compute_hop_extremp_radii_batch","src/riem_dcx.cpp	        Rf_error(""S_compute_hop_extremp_radii_batch: edge_densities must be numeric"");"
"S_compute_hop_extremp_radii_batch","src/riem_dcx.cpp	        Rf_error(""S_compute_hop_extremp_radii_batch: vertex_densities must be numeric"");"
"S_compute_hop_extremp_radii_batch","src/riem_dcx.cpp	        Rf_error(""S_compute_hop_extremp_radii_batch: candidates must be an integer vector"");"
"S_compute_hop_extremp_radii_batch","src/riem_dcx.cpp	        Rf_error(""S_compute_hop_extremp_radii_batch: y must be a numeric vector"");"
"S_compute_hop_extremp_radii_batch","src/riem_dcx.cpp	        Rf_error(""S_compute_hop_extremp_radii_batch: p_threshold must be a numeric scalar"");"
"S_compute_hop_extremp_radii_batch","src/riem_dcx.cpp	        Rf_error(""S_compute_hop_extremp_radii_batch: detect_maxima must be a logical scalar"");"
"S_compute_hop_extremp_radii_batch","src/riem_dcx.cpp	        Rf_error(""S_compute_hop_extremp_radii_batch: max_hop must be an integer scalar"");"
"S_compute_hop_extremp_radii_batch","src/riem_dcx.cpp	        Rf_error(""S_compute_hop_extremp_radii_batch: length of y (%d) must match number of vertices (%zu)"","
"S_compute_hop_extremp_radii_batch","src/riem_dcx.cpp	        Rf_error(""S_compute_hop_extremp_radii_batch: length of vertex_densities (%d) must match number of vertices (%zu)"","
"S_compute_hop_extremp_radii_batch","src/riem_dcx.cpp	        Rf_error(""S_compute_hop_extremp_radii_batch: p_threshold must be in (0,1], got %.3f"","
"S_compute_hop_extremp_radii_batch","src/riem_dcx.cpp	        Rf_error(""S_compute_hop_extremp_radii_batch: max_hop must be positive, got %d"","
"S_compute_hop_extremp_radii_batch","src/riem_dcx.cpp	            Rf_error(""S_compute_hop_extremp_radii_batch: candidate index %d out of bounds [1, %zu]"","
"S_compute_hop_extremp_radii_batch","src/riem_dcx.cpp	            Rf_error(""S_compute_hop_extremp_radii_batch: adj_list[[%zu]] must be an integer vector"","
"S_compute_hop_extremp_radii_batch","src/riem_dcx.cpp	                Rf_error(""S_compute_hop_extremp_radii_batch: neighbor index %d out of bounds"","
"S_build_se_tree","src/se_tree_r.cpp	extern ""C"" SEXP S_build_se_tree("
"S_create_sknn_graph","src/init.c	  {""S_create_sknn_graph"", (DL_FUNC) &S_create_sknn_graph, 16},"
"S_create_sknn_graph","src/sknn_graphs.cpp	extern ""C"" SEXP S_create_sknn_graph(SEXP s_X,"
"S_ssrhe_hessian_operator","src/init.c	  {""S_ssrhe_hessian_operator"", (DL_FUNC) &S_ssrhe_hessian_operator, 13},"
"S_ssrhe_hessian_operator","src/ssrhe_hessian_energy_r.h	SEXP S_ssrhe_hessian_operator("
"S_ssrhe_hessian_operator","src/ssrhe_hessian_energy.cpp	extern ""C"" SEXP S_ssrhe_hessian_operator("
"S_ecdf","src/cpp_stats_utils.cpp	    SEXP S_ecdf(SEXP x);"
"S_ecdf","src/cpp_stats_utils.cpp	  # Assuming the shared library containing S_ecdf is loaded"
"S_ecdf","src/cpp_stats_utils.cpp	  result <- S_ecdf(x)"
"S_ecdf","src/cpp_stats_utils.cpp	SEXP S_ecdf(SEXP x) {"
"S_ecdf","src/init.c	  {""S_ecdf"", (DL_FUNC) &S_ecdf, 1},"
"S_cluster_cell_trajectories","src/init.c	  {""S_cluster_cell_trajectories"", (DL_FUNC) &S_cluster_cell_trajectories, 12},"
"S_cluster_cell_trajectories","src/traj_clustering_r.cpp	extern ""C"" SEXP S_cluster_cell_trajectories(SEXP s_traj_list,"
"S_cluster_cell_trajectories","src/traj_clustering_r.cpp	        Rf_error(""S_cluster_cell_trajectories: %s"", e.what());"
"S_cluster_cell_trajectories","src/traj_clustering_r.cpp	        Rf_error(""S_cluster_cell_trajectories: unknown error"");"
"S_compute_tube_lens_corridor","src/init.c	  {""S_compute_tube_lens_corridor"", (DL_FUNC) &S_compute_tube_lens_corridor, 7},"
"S_compute_tube_lens_corridor","src/tube_lens_corridor.cpp	extern ""C"" SEXP S_compute_tube_lens_corridor("
"S_ulogit","src/init.c	  {""S_ulogit"", (DL_FUNC) &S_ulogit, 8},"
"S_ulogit","src/ulogit.cpp	    SEXP S_ulogit(SEXP x_sexp,"
"S_ulogit","src/ulogit.cpp	 * result <- .Call(""S_ulogit"","
"S_ulogit","src/ulogit.cpp	SEXP S_ulogit(SEXP x_sexp,"
"S_eigen_ulogit","src/init.c	  {""S_eigen_ulogit"", (DL_FUNC) &S_eigen_ulogit, 8},"
"S_eigen_ulogit","src/ulogit.cpp	    SEXP S_eigen_ulogit(SEXP x_sexp,"
"S_eigen_ulogit","src/ulogit.cpp	SEXP S_eigen_ulogit(SEXP x_sexp,"
"S_create_uniform_grid_graph","src/init.c	  {""S_create_uniform_grid_graph"", (DL_FUNC) &S_create_uniform_grid_graph, 5},"
"S_create_uniform_grid_graph","src/uniform_grid_graph.cpp	    SEXP S_create_uniform_grid_graph(SEXP s_input_adj_list,"
"S_create_uniform_grid_graph","src/uniform_grid_graph.cpp	SEXP S_create_uniform_grid_graph(SEXP s_adj_list,"
"S_compute_vertex_density","src/init.c	  {""S_compute_vertex_density"",  (DL_FUNC) &S_compute_vertex_density, 3},"
"S_compute_vertex_density","src/vertex_density_r.cpp	extern ""C"" SEXP S_compute_vertex_density("
