"function_name","file"
"arrow.on.trajectory.plot","R/2d_smooth_morse_smale.R"
"check.gradient.consistency","R/2d_smooth_morse_smale.R"
"compute.gradient.trajectory","R/2d_smooth_morse_smale.R"
"compute.morse.smale.cells","R/2d_smooth_morse_smale.R"
"compute.morse.smale.cells1","R/2d_smooth_morse_smale.R"
"create_point","R/2d_smooth_morse_smale.R"
"create.grid","R/2d_smooth_morse_smale.R"
"create.morse.smale.complex","R/2d_smooth_morse_smale.R"
"critical.points.plot","R/2d_smooth_morse_smale.R"
"destination.minimum.identify","R/2d_smooth_morse_smale.R"
"evaluate.along.direction","R/2d_smooth_morse_smale.R"
"evaluate.function.on.grid","R/2d_smooth_morse_smale.R"
"evaluate.function.on.grid.as.vector","R/2d_smooth_morse_smale.R"
"find.ascending.trajectory.from.point","R/2d_smooth_morse_smale.R"
"find.critical.points","R/2d_smooth_morse_smale.R"
"find.critical.points.continuous","R/2d_smooth_morse_smale.R"
"find.descending.trajectory.from.point","R/2d_smooth_morse_smale.R"
"find.line.intersection","R/2d_smooth_morse_smale.R"
"find.separatrices","R/2d_smooth_morse_smale.R"
"find.steepest.ascent.neighbor","R/2d_smooth_morse_smale.R"
"find.steepest.descent.neighbor","R/2d_smooth_morse_smale.R"
"function.contours.plot","R/2d_smooth_morse_smale.R"
"get.neighbors","R/2d_smooth_morse_smale.R"
"gradient.trajectories.plot","R/2d_smooth_morse_smale.R"
"gradient.trajectory.plot","R/2d_smooth_morse_smale.R"
"grid.critical.points.plot","R/2d_smooth_morse_smale.R"
"is.local.maximum","R/2d_smooth_morse_smale.R"
"is.local.minimum","R/2d_smooth_morse_smale.R"
"morse.analysis.plot","R/2d_smooth_morse_smale.R"
"morse.smale.cells.plot","R/2d_smooth_morse_smale.R"
"morse.smale.cells1.plot","R/2d_smooth_morse_smale.R"
"morse.smale.complex.plot","R/2d_smooth_morse_smale.R"
"morse.smale.complex.plot.from.critical","R/2d_smooth_morse_smale.R"
"numerical.second.derivative","R/2d_smooth_morse_smale.R"
"plot.morse.smale.trajectories.from.point","R/2d_smooth_morse_smale.R"
"project.gradient.to.boundary","R/2d_smooth_morse_smale.R"
"sample.points.for.visualization","R/2d_smooth_morse_smale.R"
"separatrices.plot","R/2d_smooth_morse_smale.R"
"separatrices.with.cells.plot","R/2d_smooth_morse_smale.R"
"analyze.comono.distributions","R/analyze_comono_distributions.R"
"plot.comono.diagnostics","R/analyze_comono_distributions.R"
"prof.fn","R/annotation.R"
"show.tx","R/annotation.R"
"standardize.string","R/annotation.R"
".create.threshold.distance.graph","R/basin_cx.R"
"attach.basin.labels","R/basin_cx.R"
"basin_dataframes_reorder","R/basin_cx.R"
"basin.cx.merge","R/basin_cx.R"
"basins.union","R/basin_cx.R"
"calculate_basin_distances","R/basin_cx.R"
"cluster_basins_by_overlap","R/basin_cx.R"
"compute_asc_desc_cell_intersection_matrix","R/basin_cx.R"
"construct.basin.cx.graph","R/basin_cx.R"
"create_basin_cell_complex","R/basin_cx.R"
"create.basin.cx","R/basin_cx.R"
"create.basins.df","R/basin_cx.R"
"create.extrema.df","R/basin_cx.R"
"create.taxonomic.labels","R/basin_cx.R"
"extract_basins_vertices","R/basin_cx.R"
"extract.basins.vertices","R/basin_cx.R"
"get_basin_by_label","R/basin_cx.R"
"get.basin.vertices","R/basin_cx.R"
"get.cell.vertices","R/basin_cx.R"
"intersection_size_matrix","R/basin_cx.R"
"merge_basin_clusters","R/basin_cx.R"
"plot_basin_cx_graph","R/basin_cx.R"
"plot.basin_cx","R/basin_cx.R"
"print.basin_cx","R/basin_cx.R"
"print.summary.basin_cx","R/basin_cx.R"
"relabel_distance_matrices","R/basin_cx.R"
"replace.basin.label.basin_cx","R/basin_cx.R"
"show.basin","R/basin_cx.R"
"show.basin.basin_cx","R/basin_cx.R"
"summarize_cells","R/basin_cx.R"
"summary.basin_cx","R/basin_cx.R"
"find.basin.by.label","R/basin_lookup_functions.R"
"find.basin.by.vertex.in.basins.of.attraction","R/basin_lookup_functions.R"
"find.basin.idx.by.label","R/basin_lookup_functions.R"
"find.basin.idx.by.vertex","R/basin_lookup_functions.R"
"get.basin.label.from.vertex","R/basin_lookup_functions.R"
"get.basin.vertex.from.label","R/basin_lookup_functions.R"
"get.extrema.type.from.label","R/basin_lookup_functions.R"
"bayes.bootstrap.rdgraph","R/bayes_bootstrap_rdgraph.R"
".boxcox.loglik","R/boxcox_utils.R"
"boxcox.mle","R/boxcox_utils.R"
"boxcox.transform","R/boxcox_utils.R"
"cell.trajectories","R/cell_trajectories_generic.R"
"get.path.data","R/centered_paths.R"
"ugg.get.path.data","R/centered_paths.R"
"angle.alignment","R/circular_data_utils.R"
"cluster.comono.graph","R/cluster_comono_graph.R"
"cluster.local.extrema","R/cluster_local_extrema.R"
"compute.overlap.distance.matrix","R/cluster_local_extrema.R"
"adjusted.rand.index","R/clustering.R"
"cluster.graph.louvain","R/clustering.R"
"clusters.reorder","R/clustering.R"
"congruence.with.labels","R/clustering.R"
"describe","R/clustering.R"
"describe.hclust_select_k","R/clustering.R"
"graph.cltr.imputation","R/clustering.R"
"hclust.select.k","R/clustering.R"
"hdbscan.cltr","R/clustering.R"
"kNN.cltr.imputation","R/clustering.R"
"kNN.cltr.imputation.enhanced","R/clustering.R"
"plot.hclust_select_k","R/clustering.R"
"print.hclust_select_k","R/clustering.R"
"summary.hclust_select_k","R/clustering.R"
".postprocess.gfc.flow.v2","R/compat_helpers.R"
".vertex.cell.gfc.flow.v1","R/compat_helpers.R"
"apply.spectral.smoothing","R/compat_helpers.R"
"compute.diameter","R/compat_helpers.R"
"compute.subgraph.density","R/compat_helpers.R"
"determine.optimal.k","R/compat_helpers.R"
"find.path.in.subgraph","R/compat_helpers.R"
"generate.eta.grid","R/compat_helpers.R"
"prepare.basin.da.inputs","R/compat_helpers.R"
"run.da.edger","R/compat_helpers.R"
"summarize.clinical","R/compat_helpers.R"
".add.graph.lifecycle.branches","R/component_mst_connectivity.R"
".augment.graph.with.component.mst","R/component_mst_connectivity.R"
".best.component.bridges","R/component_mst_connectivity.R"
".component.kruskal","R/component_mst_connectivity.R"
".euclidean.distance","R/component_mst_connectivity.R"
".full.euclidean.mst.edges","R/component_mst_connectivity.R"
".graph.components","R/component_mst_connectivity.R"
".graph.edge.table","R/component_mst_connectivity.R"
".graph.from.edge.table","R/component_mst_connectivity.R"
".normalize.bridge.controls","R/component_mst_connectivity.R"
".repair.graph.lifecycle.stage","R/component_mst_connectivity.R"
"arcsin.sqrt.transform","R/compositional_data_utils.R"
"clr.transform","R/compositional_data_utils.R"
"clr.transform.matrix","R/compositional_data_utils.R"
"compute.basins.of.attraction.rtcb","R/compute_basins_of_attraction_rtcb.R"
"basin","R/compute_basins_of_attraction.R"
"basin.basins_of_attraction","R/compute_basins_of_attraction.R"
"basins","R/compute_basins_of_attraction.R"
"basins.basins_of_attraction","R/compute_basins_of_attraction.R"
"compute_mean_hopk_distance","R/compute_basins_of_attraction.R"
"compute.basins.of.attraction","R/compute_basins_of_attraction.R"
"draw.basin","R/compute_basins_of_attraction.R"
"lmax","R/compute_basins_of_attraction.R"
"lmax.basin_summary","R/compute_basins_of_attraction.R"
"lmin","R/compute_basins_of_attraction.R"
"lmin.basin_summary","R/compute_basins_of_attraction.R"
"summary.basins_of_attraction","R/compute_basins_of_attraction.R"
"compute.gfc.basins","R/compute_gfc_basins.R"
"get.basin.of.gfc.basins","R/compute_gfc_basins.R"
"print.gfc_basins","R/compute_gfc_basins.R"
"compute.gfc.modulation","R/compute_gfc_modulation.R"
"edge.modulation","R/compute_gfc_modulation.R"
"plot.gfc_modulation","R/compute_gfc_modulation.R"
"print.gfc_modulation","R/compute_gfc_modulation.R"
".harmonize.compute.gfc.summary","R/compute_gfc.R"
"compute.gfc","R/compute_gfc.R"
"expand.basins.to.cover","R/compute_gfc.R"
"generate.refinement.report","R/compute_gfc.R"
"print.basins_of_attraction","R/compute_gfc.R"
"compute.Lp.graphs","R/compute_Lp_graphs.R"
"load.Lp.results","R/compute_Lp_graphs.R"
"summary.Lp.results","R/compute_Lp_graphs.R"
"cell.y.values","R/compute_partition_cell_stats.R"
"compute.partition.cell.stats","R/compute_partition_cell_stats.R"
"consensus.clustering","R/consensus_clustering.R"
"cst.graph.mixing.stats","R/cst_graph_mixing_stats.R"
"plot.cst_graph_mixing_stats","R/cst_graph_mixing_stats.R"
"data.smoother","R/data_smoother.R"
"gdensity","R/density.R"
"compute.binary.partition.diagnostics","R/detect_binary_partition.R"
"detect.strong.binary.partition","R/detect_binary_partition.R"
"plot_binary_partition_diagnostics","R/detect_binary_partition.R"
".dpt_prepare_graph_inputs","R/diffusion_pseudotime_sparse.R"
".dpt_transition_slots_to_dgCMatrix","R/diffusion_pseudotime_sparse.R"
".dpt_vertices_to_0based","R/diffusion_pseudotime_sparse.R"
".dpt_weight_mode_code","R/diffusion_pseudotime_sparse.R"
"build.sparse.transition","R/diffusion_pseudotime_sparse.R"
"compute.diffusion.pseudotime.sparse","R/diffusion_pseudotime_sparse.R"
"compute.potential.pseudotime.sparse","R/diffusion_pseudotime_sparse.R"
".dgh_as_distance_matrix","R/distance_graph_helpers.R"
".dgh_closed_knn_sets_from_dist","R/distance_graph_helpers.R"
".dgh_edge_matrix_to_lists","R/distance_graph_helpers.R"
".dgh_graph_result","R/distance_graph_helpers.R"
".dgh_iknn_graph_from_dist","R/distance_graph_helpers.R"
".dgh_knn_sets_from_dist","R/distance_graph_helpers.R"
".dgh_mknn_graph_from_dist","R/distance_graph_helpers.R"
".dgh_phate_support_graph_from_dist","R/distance_graph_helpers.R"
".dgh_validate_k","R/distance_graph_helpers.R"
"distance.quantile.bin.analysis","R/distance_quantile_bin_analysis.R"
"plot.distance.quantile.bins","R/distance_quantile_bin_analysis.R"
"angular.wasserstein.index","R/divergences.R"
"classifier.based.divergence","R/divergences.R"
"cpp.angular.wasserstein.index","R/divergences.R"
"energy.distance","R/divergences.R"
"entropy.difference","R/divergences.R"
"init.version.nn.distance.ratio.estimator","R/divergences.R"
"jensen.shannon.divergence","R/divergences.R"
"kullback.leibler.divergence","R/divergences.R"
"mutual.information","R/divergences.R"
"nn.distance.ratio.estimator","R/divergences.R"
"nn.divergence","R/divergences.R"
"wasserstein.distance","R/divergences.R"
"wasserstein.divergence","R/divergences.R"
"extract.optimal.Lp.graph","R/extract_optimal_Lp_graph.R"
"analyze.extracted.clusters","R/extract_stable_clusters.R"
"compute.cluster.gaps","R/extract_stable_clusters.R"
"extract.cluster.members","R/extract_stable_clusters.R"
"extract.stable.clusters","R/extract_stable_clusters.R"
"plot_cluster_extraction_diagnostics","R/extract_stable_clusters.R"
"compute.extrema.hop.nbhds","R/extrema_utils.R"
"extrema.summary","R/extrema_utils.R"
"get.nbrs","R/extrema_utils.R"
"label.extrema.3d","R/extrema_utils.R"
"label.extrema.leaders.3d","R/extrema_utils.R"
"relabel.extrema","R/extrema_utils.R"
"analyze.dbscan.noise","R/extremality_utils.R"
"cluster.extrema.graph.aware","R/extremality_utils.R"
"compare.representative.methods","R/extremality_utils.R"
"compute_cluster_stats","R/extremality_utils.R"
"compute.cluster.summary","R/extremality_utils.R"
"compute.dbscan.cluster.summary","R/extremality_utils.R"
"compute.extrema.geodesic.distances","R/extremality_utils.R"
"extract.cluster.representatives","R/extremality_utils.R"
"extract.dbscan.cluster.representatives","R/extremality_utils.R"
"extremality.summary","R/extremality_utils.R"
"label.extremality.3d","R/extremality_utils.R"
"select_representative","R/extremality_utils.R"
"compute.diff.profiles","R/fassoc_test.R"
"create.delta1.Delta1.df","R/fassoc_test.R"
"delta.indices","R/fassoc_test.R"
"fassoc.test","R/fassoc_test.R"
"print.fassoc","R/fassoc_test.R"
"summary.fassoc","R/fassoc_test.R"
"total.associations","R/fassoc_test.R"
"coef.assoc0","R/fassoc0_test_paired.R"
"fassoc0.test","R/fassoc0_test_paired.R"
"plot.assoc0","R/fassoc0_test_paired.R"
"print.assoc0","R/fassoc0_test_paired.R"
"print.summary.assoc0","R/fassoc0_test_paired.R"
"summary.assoc0","R/fassoc0_test_paired.R"
"coef.assoc1","R/fassoc1_test_paired.R"
"extract.derivatives","R/fassoc1_test_paired.R"
"extract.derivatives.assoc1","R/fassoc1_test_paired.R"
"fassoc1.test","R/fassoc1_test_paired.R"
"plot.assoc1","R/fassoc1_test_paired.R"
"print.assoc1","R/fassoc1_test_paired.R"
"print.summary.assoc1","R/fassoc1_test_paired.R"
"summary.assoc1","R/fassoc1_test_paired.R"
"filter.basins.by.relvalue","R/filter_basins_by_relvalue.R"
"print_basin_filter_info","R/filter_basins_by_relvalue.R"
"filter.basins","R/filter_basins.R"
"print_basin_filter_info","R/filter_basins.R"
"find.discrepant.pairs","R/find_discrepant_pairs.R"
"find.shortest.paths.within.radius","R/find_shortest_paths_within_radius.R"
"fit.rho.randomwalk","R/fit_rho_randomwalk.R"
"analyze.function.aware.weights","R/fn_graphs.R"
"construct.function.aware.graph","R/fn_graphs.R"
"function.aware.weights.plot","R/fn_graphs.R"
"generate.mixed.points","R/generate_knn_example_data.R"
"mixed.points.plot","R/generate_knn_example_data.R"
"geodesic.core.endpoints","R/geodesic_core_endpoints.R"
".graph.component.count","R/geodesic_iknn_graphs.R"
".summarize.geodesic.graph","R/geodesic_iknn_graphs.R"
".summarize.iterated.iknn.graphs","R/geodesic_iknn_graphs.R"
".validate.geodesic.iknn.input","R/geodesic_iknn_graphs.R"
"create.geodesic.iknn.graph","R/geodesic_iknn_graphs.R"
"create.iterated.iknn.graphs","R/geodesic_iknn_graphs.R"
"summary.iterated_iknn_graphs","R/geodesic_iknn_graphs.R"
"compute.geodesic.stats","R/geodesic_stats.R"
"compute.vertex.geodesic.stats","R/geodesic_stats.R"
"overlap.distribution.plot","R/geodesic_stats.R"
"plot.geodesic_stats","R/geodesic_stats.R"
"plot.vertex_geodesic_stats","R/geodesic_stats.R"
"print.geodesic_stats","R/geodesic_stats.R"
"summarize_overlap_statistics","R/geodesic_stats.R"
"summary.geodesic_stats","R/geodesic_stats.R"
"summary.vertex_geodesic_stats","R/geodesic_stats.R"
"create.tubular.nbhd.of.a.geodesic","R/geodesics.R"
"dist.to.knn","R/geodesics.R"
"E.geodesic.F","R/geodesics.R"
"E.geodesic.X","R/geodesics.R"
"estimate_density","R/geodesics.R"
"estimate.geodesic.distances","R/geodesics.R"
"euclidean.distance","R/geodesics.R"
"fig.E.geodesic.F","R/geodesics.R"
"geodesic.knn","R/geodesics.R"
"geodesic.knnx","R/geodesics.R"
"get.subj.ids","R/geodesics.R"
"get.subj.ids.fixed3","R/geodesics.R"
"graph.adj.mat","R/geodesics.R"
"o.inv.fn","R/geodesics.R"
"path.dist","R/geodesics.R"
"path.length","R/geodesics.R"
"smooth.PL.geodesic","R/geodesics.R"
"subdivide.path","R/geodesics.R"
"subdivide.path.v1","R/geodesics.R"
"subj.D.risk","R/geodesics.R"
"subj.factor.ppmEy.profs.df","R/geodesics.R"
"subj.factor.signEy.profs","R/geodesics.R"
"vars.approx.monotonically.assoc.with.geodesic","R/geodesics.R"
"gfassoc.basin.character","R/gfassoc_utils.R"
"gfassoc.deviation","R/gfassoc_utils.R"
"gfassoc.membership","R/gfassoc_utils.R"
"gfassoc.overlap","R/gfassoc_utils.R"
"gfassoc.polarity","R/gfassoc_utils.R"
".build.summary.all","R/gfc_flow.R"
".build.summary.retained","R/gfc_flow.R"
".harmonize.gfc.flow.summary","R/gfc_flow.R"
".postprocess.gfc.flow","R/gfc_flow.R"
".sort.summary.df","R/gfc_flow.R"
"basin.feature.carriers","R/gfc_flow.R"
"basin.prev.eval","R/gfc_flow.R"
"basin.trajectories","R/gfc_flow.R"
"basin.trajectories.gfc.flow","R/gfc_flow.R"
"basin.vertices","R/gfc_flow.R"
"cell.trajectories.gfc.flow","R/gfc_flow.R"
"cell.trajectories.max.edge.length","R/gfc_flow.R"
"cell.trajectories.monotonicity","R/gfc_flow.R"
"cell.vertices","R/gfc_flow.R"
"cell.vertices.gfc.flow","R/gfc_flow.R"
"compute.carriers.per.trajectory.mat","R/gfc_flow.R"
"compute.gfc.flow","R/gfc_flow.R"
"compute.gfc.flow.matrix","R/gfc_flow.R"
"compute.gfc.trajectory","R/gfc_flow.R"
"construct.path.through.waypoints","R/gfc_flow.R"
"count.cell.memberships","R/gfc_flow.R"
"count.feature.carriers","R/gfc_flow.R"
"count.multi.memberships.gfc.flow","R/gfc_flow.R"
"extract.da.tables.by.prevalence","R/gfc_flow.R"
"fit.trajectory.smooth.splines","R/gfc_flow.R"
"get.basin","R/gfc_flow.R"
"get.harmonic.repair.vertices","R/gfc_flow.R"
"get.summary","R/gfc_flow.R"
"get.trajectories.by.status","R/gfc_flow.R"
"list.basins","R/gfc_flow.R"
"list.basins.default","R/gfc_flow.R"
"list.basins.gfc.flow","R/gfc_flow.R"
"list.cells","R/gfc_flow.R"
"list.cells.default","R/gfc_flow.R"
"list.cells.gfc.flow","R/gfc_flow.R"
"list.retained","R/gfc_flow.R"
"list.spurious","R/gfc_flow.R"
"merge.gfc.basins","R/gfc_flow.R"
"merge.gfc.flow.basins","R/gfc_flow.R"
"plot.feature.prevalence","R/gfc_flow.R"
"print.gfc_cell_trajectories","R/gfc_flow.R"
"print.gfc.flow","R/gfc_flow.R"
"print.summary.gfc_basin_trajectories","R/gfc_flow.R"
"print.summary.gfc_cell_trajectories","R/gfc_flow.R"
"relabel.basins.gfc.flow","R/gfc_flow.R"
"select.closest.longest.trajectory","R/gfc_flow.R"
"summarize.prev.eval","R/gfc_flow.R"
"summary.gfc_basin_trajectories","R/gfc_flow.R"
"summary.gfc_cell_trajectories","R/gfc_flow.R"
"summary.gfc.flow","R/gfc_flow.R"
"taxon.sig.frequency","R/gfc_flow.R"
"trajectory.distances.to.vertex","R/gfc_flow.R"
"trajectory.edges.gfc.flow","R/gfc_flow.R"
"trajectory.vertices.gfc.flow","R/gfc_flow.R"
"two.stage.basin.fdr","R/gfc_flow.R"
"uncovered.vertices.gfc.flow","R/gfc_flow.R"
"vertex.all.trajectories.gfc.flow","R/gfc_flow.R"
"vertex.cell.all","R/gfc_flow.R"
"vertex.cell.gfc.flow","R/gfc_flow.R"
"vertex.cell.trajectory.gfc.flow","R/gfc_flow.R"
"vertex.cells.gfc.flow","R/gfc_flow.R"
"vertex.distances.to.trajectory","R/gfc_flow.R"
"vertex.primary.cell.gfc.flow","R/gfc_flow.R"
"vertices.feature.carriers","R/gfc_flow.R"
"gfcor","R/gfcor.R"
"print.gfcor","R/gfcor.R"
"print.summary.gfcor","R/gfcor.R"
"summary.gfcor","R/gfcor.R"
"find.gflow.basins","R/gflow_basins.R"
"find.local.extrema","R/gflow_basins.R"
"print.summary.gflow_basins","R/gflow_basins.R"
"process_basin_results","R/gflow_basins.R"
"summary.gflow_basins","R/gflow_basins.R"
"analyze.harmonic.extensions","R/gflow_cx_utils.R"
"apply.harmonic.extension","R/gflow_cx_utils.R"
"compare.harmonic.methods","R/gflow_cx_utils.R"
"extract.extrema.subgraphs","R/gflow_cx_utils.R"
"find.hop.distances","R/gflow_cx_utils.R"
"find.vertices.within.hops","R/gflow_cx_utils.R"
"analyze.extrema.distribution","R/gflow_cx.R"
"classify.spurious.extrema","R/gflow_cx.R"
"compare.retained.extrema","R/gflow_cx.R"
"create.gflow.cx","R/gflow_cx.R"
"create.hop.nbhd.extrema.df","R/gflow_cx.R"
"create.hop.nbhd.extrema.df2","R/gflow_cx.R"
"plot_extrema_stability","R/gflow_cx.R"
"print.gflow_cx","R/gflow_cx.R"
"suggest.threshold","R/gflow_cx.R"
"visualize.smoothing.steps","R/gflow_cx.R"
"as_igraph","R/gflow_graph_plot.R"
"compute.layout","R/gflow_graph_plot.R"
"plot.gflow_graph","R/gflow_graph_plot.R"
"construct.gflow.graph","R/gflow_graph.R"
"print.gflow_graph","R/gflow_graph.R"
"print.summary.gflow_graph","R/gflow_graph.R"
"summary.gflow_graph","R/gflow_graph.R"
"compute.cell.vertices","R/gradient_basin_utilities.R"
"extract.cell.trajectory","R/gradient_basin_utilities.R"
"extract.gradient.flow.cells","R/gradient_basin_utilities.R"
"extract.gradient.trajectory","R/gradient_basin_utilities.R"
"extract.vertices.terminating.at","R/gradient_basin_utilities.R"
"filter.cells.by.criteria","R/gradient_basin_utilities.R"
"filter.cells.by.vertex.count","R/gradient_basin_utilities.R"
"identify.gradient.flow.cells","R/gradient_basin_utilities.R"
"is.valid.cell","R/gradient_basin_utilities.R"
"print.gradient_flow_cells","R/gradient_basin_utilities.R"
"summary.gradient_flow_cells","R/gradient_basin_utilities.R"
"calculate.edit.distances","R/graph_edit_distance.R"
"create.distance.plot","R/graph_edit_distance.R"
"graph.edit.distance","R/graph_edit_distance.R"
"load.graph.data","R/graph_edit_distance.R"
"graph.embedding","R/graph_embedding.R"
"plot2D.colored.graph","R/graph_embedding.R"
".build.graph.endpoint.igraph","R/graph_endpoint_geometry.R"
".compute.graph.endpoint.metrics","R/graph_endpoint_geometry.R"
".compute.graph.endpoint.scores.reference","R/graph_endpoint_geometry.R"
".compute.graph.endpoint.support.by.scale","R/graph_endpoint_geometry.R"
".graph.endpoint.neighbor.weights","R/graph_endpoint_geometry.R"
".make.graph.endpoint.aggregate","R/graph_endpoint_geometry.R"
".replace.nonfinite.endpoint.values","R/graph_endpoint_geometry.R"
".resolve.graph.endpoint.scales","R/graph_endpoint_geometry.R"
".select.graph.endpoint.neighborhood","R/graph_endpoint_geometry.R"
".suppress.graph.endpoint.maxima.by.scale","R/graph_endpoint_geometry.R"
".validate.graph.endpoint.inputs","R/graph_endpoint_geometry.R"
".weighted.quantile.endpoint","R/graph_endpoint_geometry.R"
"compute.graph.endpoint.scores","R/graph_endpoint_geometry.R"
"detect.graph.endpoints","R/graph_endpoint_geometry.R"
"create.bi.kNN.chain.graph","R/graph_generators.R"
"create.bipartite.graph","R/graph_generators.R"
"create.chain.graph","R/graph_generators.R"
"create.chain.graph.with.offset","R/graph_generators.R"
"create.circular.graph","R/graph_generators.R"
"create.complete.graph","R/graph_generators.R"
"create.empty.graph","R/graph_generators.R"
"create.star.graph","R/graph_generators.R"
"generate.circle.graph","R/graph_generators.R"
"generate.star.dataset","R/graph_generators.R"
"join.graphs","R/graph_generators.R"
"nerve.graph","R/graph_generators.R"
"plot.star_object","R/graph_generators.R"
".graph.geodesic.fields","R/graph_geodesic_distances.R"
".normalize.graph.geodesic.stage","R/graph_geodesic_distances.R"
".validate.graph.geodesic.payload","R/graph_geodesic_distances.R"
"graph.geodesic.distances","R/graph_geodesic_distances.R"
"compute.graph.gradient.flow","R/graph_gradient_flow_basins.R"
"lmax.basins","R/graph_gradient_flow_basins.R"
"lmin.basins","R/graph_gradient_flow_basins.R"
"set.boundary","R/graph_gradient_flow_basins.R"
".analyze_basin_set","R/graph_gradient_flow.R"
".analyze_basins","R/graph_gradient_flow.R"
".analyze_cells","R/graph_gradient_flow.R"
".analyze_trajectories","R/graph_gradient_flow.R"
".compute_connectivity_matrix","R/graph_gradient_flow.R"
".compute_jaccard_matrix","R/graph_gradient_flow.R"
".determine_basin_type","R/graph_gradient_flow.R"
".label_extrema","R/graph_gradient_flow.R"
".print_jaccard_matrix","R/graph_gradient_flow.R"
".recompute_cells","R/graph_gradient_flow.R"
".update_basin_labels","R/graph_gradient_flow.R"
".update_cell_labels","R/graph_gradient_flow.R"
".update_component_labels","R/graph_gradient_flow.R"
".update_extrema_for_merge","R/graph_gradient_flow.R"
".update_trajectory_labels","R/graph_gradient_flow.R"
".update_trajectory_labels_for_replacement","R/graph_gradient_flow.R"
"basins.merge","R/graph_gradient_flow.R"
"construct.graph.gradient.flow","R/graph_gradient_flow.R"
"print.summary.ggflow","R/graph_gradient_flow.R"
"replace.basin.label","R/graph_gradient_flow.R"
"summary.ggflow","R/graph_gradient_flow.R"
"create.maximal.packing","R/graph_maximal_packing.R"
"print.maximal_packing","R/graph_maximal_packing.R"
"print.packing_validation","R/graph_maximal_packing.R"
"validate.maximal.packing","R/graph_maximal_packing.R"
"verify.maximal.packing","R/graph_maximal_packing.R"
"create.lmin.lmax.contingency.table","R/graph_MS_cx.R"
"create.lmin.lmax.frequency.tables","R/graph_MS_cx.R"
"create.lmin.lmax.label.indicators","R/graph_MS_cx.R"
"create.lmin.lmax.labels","R/graph_MS_cx.R"
"find.longest.true.stretch","R/graph_MS_cx.R"
"graph.constrained.gradient.flow.trajectories","R/graph_MS_cx.R"
"graph.MS.cx","R/graph_MS_cx.R"
"morse.smale.complex.lmin.lmax.summary","R/graph_MS_cx.R"
"morse.smale.graph.persistence","R/graph_MS_cx.R"
"shortest.path","R/graph_shortest_path.R"
"graph.low.pass.filter","R/graph_spectrum.R"
"graph.spectral.embedding","R/graph_spectrum.R"
"graph.spectrum","R/graph_spectrum.R"
".gflow.align.named.vector","R/graph_summary_divergence.R"
".gflow.as.edge.data.frame","R/graph_summary_divergence.R"
".gflow.compute.weight.breaks","R/graph_summary_divergence.R"
".gflow.connected.components","R/graph_summary_divergence.R"
".gflow.extract.edge.weights","R/graph_summary_divergence.R"
".gflow.finalize.named.pmf","R/graph_summary_divergence.R"
".gflow.looks.like.adj.list","R/graph_summary_divergence.R"
".gflow.order.support","R/graph_summary_divergence.R"
".gflow.resolve.graph.summary.inputs","R/graph_summary_divergence.R"
".gflow.validate.summary.labels","R/graph_summary_divergence.R"
"compute.graph.summary.pmf","R/graph_summary_divergence.R"
"compute.graph.summary.stability","R/graph_summary_divergence.R"
"graph.summary.divergence","R/graph_summary_divergence.R"
".estimate.graph.trend.filtering.nullity","R/graph_trend_filtering.R"
".graph.trend.filtering.canonical.path","R/graph_trend_filtering.R"
".graph.trend.filtering.cv","R/graph_trend_filtering.R"
".graph.trend.filtering.default.lambda.grid","R/graph_trend_filtering.R"
".graph.trend.filtering.edge.table","R/graph_trend_filtering.R"
".graph.trend.filtering.enumerate.paths","R/graph_trend_filtering.R"
".graph.trend.filtering.extend.paths","R/graph_trend_filtering.R"
".graph.trend.filtering.incidence.triplets","R/graph_trend_filtering.R"
".graph.trend.filtering.matrices","R/graph_trend_filtering.R"
".graph.trend.filtering.matrix.payload","R/graph_trend_filtering.R"
".graph.trend.filtering.path.coefficients","R/graph_trend_filtering.R"
".graph.trend.filtering.path.matrices","R/graph_trend_filtering.R"
".graph.trend.filtering.path.penalty.matrix","R/graph_trend_filtering.R"
".graph.trend.filtering.path.positions","R/graph_trend_filtering.R"
".graph.trend.filtering.path.row.weights","R/graph_trend_filtering.R"
".graph.trend.filtering.path.table","R/graph_trend_filtering.R"
".graph.trend.filtering.solver.penalty","R/graph_trend_filtering.R"
".validate.graph.trend.filtering.graph","R/graph_trend_filtering.R"
".validate.graph.trend.filtering.lambda.grid","R/graph_trend_filtering.R"
".validate.graph.trend.filtering.operator.args","R/graph_trend_filtering.R"
".validate.graph.trend.filtering.solver.args","R/graph_trend_filtering.R"
"fit.graph.trend.filtering","R/graph_trend_filtering.R"
"graph.trend.filtering.operator","R/graph_trend_filtering.R"
"print.graph.trend.filtering.fit","R/graph_trend_filtering.R"
"adjlist.to.igraph","R/graph_utils.R"
"compare.adj.lists","R/graph_utils.R"
"compute.graph.diameter","R/graph_utils.R"
"compute.graph.distance","R/graph_utils.R"
"compute.kernel.graph.laplacian.eigenfunctions.I.minus.L.powered","R/graph_utils.R"
"compute.local.distance.fidelity","R/graph_utils.R"
"convert.adjacency.list.to.adjacency.matrix","R/graph_utils.R"
"convert.adjacency.matrix.to.adjacency.list","R/graph_utils.R"
"convert.adjacency.to.edge.matrix","R/graph_utils.R"
"convert.adjacency.to.edgelist","R/graph_utils.R"
"convert.edge.label.list.to.edge.label.vector","R/graph_utils.R"
"convert.to.undirected","R/graph_utils.R"
"convert.weighted.adjacency.matrix.to.adjacency.list","R/graph_utils.R"
"count.edges","R/graph_utils.R"
"create.pruned.isize.list","R/graph_utils.R"
"create.random.graph","R/graph_utils.R"
"create.subgraph","R/graph_utils.R"
"create.threshold.distance.graph","R/graph_utils.R"
"create.vertex.label.indicators","R/graph_utils.R"
"create.vertex.labels","R/graph_utils.R"
"dist.to.polyline.3d","R/graph_utils.R"
"edge.diff","R/graph_utils.R"
"extract.edge.lengths","R/graph_utils.R"
"extract.trajectory.edge.lengths","R/graph_utils.R"
"generate.graph.gaussian.mixture","R/graph_utils.R"
"geodesic.disk","R/graph_utils.R"
"get.edge.weights","R/graph_utils.R"
"get.sphere.degree.props","R/graph_utils.R"
"get.TN.S1.degree.props","R/graph_utils.R"
"get.torus.degree.props","R/graph_utils.R"
"graph.cltr.evenness","R/graph_utils.R"
"graph.connected.components","R/graph_utils.R"
"hungarian.frobenius.graph.matching","R/graph_utils.R"
"identical.vertex.set.weighted.graph.similarity","R/graph_utils.R"
"rm.self.loops","R/graph_utils.R"
"select.path.corridor","R/graph_utils.R"
"select.path.neighborhood","R/graph_utils.R"
"visualize.grid.function","R/graph_utils.R"
"wgraph.prune.long.edges","R/graph_utils.R"
".compute.igraph.layout","R/graphics.R"
".ensure_custom_shapes_registered","R/graphics.R"
"chain.with.path","R/graphics.R"
"create.graph.3d.obj","R/graphics.R"
"ggraph","R/graphics.R"
"itriangle.plot","R/graphics.R"
"kh.matrix","R/graphics.R"
"model.errors","R/graphics.R"
"plot.chain.with.path","R/graphics.R"
"plot.ggraph","R/graphics.R"
"plot.graphMScx","R/graphics.R"
"plot.kh.matrix","R/graphics.R"
"plot.model.errors","R/graphics.R"
"plot.prediction.errors","R/graphics.R"
"plot3D.graph","R/graphics.R"
"prediction.errors","R/graphics.R"
"triangle.plot","R/graphics.R"
"bbox.hcube.tiling","R/grids.R"
"box.tiling","R/grids.R"
"box.tiling.of.box","R/grids.R"
"create.2D.grid","R/grids.R"
"create.2D.rect.grid","R/grids.R"
"create.3D.grid","R/grids.R"
"create.3D.grid.v2","R/grids.R"
"create.3D.rect.grid","R/grids.R"
"create.3D.TN.grid","R/grids.R"
"create.3D.TN.grid.plus","R/grids.R"
"create.adaptive.tiled.X.grid.xD","R/grids.R"
"create.ED.grid.2D","R/grids.R"
"create.ED.grid.3D","R/grids.R"
"create.ED.grid.xD","R/grids.R"
"create.ENPs.grid.2D","R/grids.R"
"create.ENPs.grid.3D","R/grids.R"
"create.final.grid","R/grids.R"
"create.X.grid","R/grids.R"
"create.X.grid.xD","R/grids.R"
"dx.vs.gRf.mod.gSf","R/grids.R"
"expand.box","R/grids.R"
"extract.xy","R/grids.R"
"find.box.containing.x","R/grids.R"
"find.boxes.containing.x","R/grids.R"
"find.points.within.box","R/grids.R"
"get.3D.rect.grid.NN","R/grids.R"
"hgrid","R/grids.R"
"identify_points_within_box","R/grids.R"
"mstree.grid","R/grids.R"
"plot.box.tiling","R/grids.R"
"plot.gridX","R/grids.R"
"as.data.frame.harmonic_extension","R/harmonic_extension.R"
"compute.harmonic.extension","R/harmonic_extension.R"
"get.extended.coord","R/harmonic_extension.R"
"print.harmonic_extension","R/harmonic_extension.R"
"select.max.density.trajectory","R/harmonic_extension.R"
"get.region.boundary","R/harmonic_smoother.R"
"harmonic.smoother","R/harmonic_smoother.R"
"perform.harmonic.smoothing","R/harmonic_smoother.R"
"plot.harmonic_smoother","R/harmonic_smoother.R"
"print.harmonic_smoother","R/harmonic_smoother.R"
"print.summary.harmonic_smoother","R/harmonic_smoother.R"
"summary.harmonic_smoother","R/harmonic_smoother.R"
"bbmwd.over.hHN.graphs","R/hHN_graphs.R"
"create.hHN.graph","R/hHN_graphs.R"
"hist1","R/hist_utils.R"
"hist2","R/hist_utils.R"
"hist3","R/hist_utils.R"
"iknn.graph.response.pipeline","R/iknn_graph_response_pipeline.R"
"create.single.iknn.graph","R/iknn_graph.R"
"summary.IkNN","R/iknn_graph.R"
".add.iknn.trend","R/iknn_graphs.R"
"build.iknn.graphs.and.selectk","R/iknn_graphs.R"
"compute.degrees.js.divergence","R/iknn_graphs.R"
"compute.edit.distances","R/iknn_graphs.R"
"compute.stability.metrics","R/iknn_graphs.R"
"create.iknn.graphs","R/iknn_graphs.R"
"find.optimal.k","R/iknn_graphs.R"
"find.optimal.k.from.birth.death","R/iknn_graphs.R"
"find.optimal.k.from.stability","R/iknn_graphs.R"
"internal.compute.edit.distances","R/iknn_graphs.R"
"pick.k.within.eps.global.max","R/iknn_graphs.R"
"plot.build_iknn_graphs_and_selectk","R/iknn_graphs.R"
"plot.iknn_stability_metrics","R/iknn_graphs.R"
"plot.IkNNgraphs","R/iknn_graphs.R"
"print.build_iknn_graphs_and_selectk","R/iknn_graphs.R"
"summary.iknn_graphs","R/iknn_graphs.R"
"trim.X.to.main.cc","R/iknn_graphs.R"
"create.intersection.graph","R/intersection_graphs.R"
"extract.isa.biclusters","R/isa_biclustering_utils.R"
"filter.redundant.biclusters","R/isa_biclustering_utils.R"
"isa.to.hard.clusters","R/isa_biclustering_utils.R"
"select.biclusters.by.robustness","R/isa_biclustering_utils.R"
"select.thresholds.by.gaps","R/isa_biclustering_utils.R"
"summarize.bicluster.quality","R/isa_biclustering_utils.R"
".isometry.pair.values","R/isometry_deviation.R"
".isometry.residual.diagnostics","R/isometry_deviation.R"
".validate.distance.matrix","R/isometry_deviation.R"
"isometry.distance.correlations","R/isometry_deviation.R"
"isometry.distortion.quantiles","R/isometry_deviation.R"
"isometry.geodesic.diagnostics","R/isometry_deviation.R"
"isometry.rel.abs.error","R/isometry_deviation.R"
"isometry.rel.rms.error","R/isometry_deviation.R"
"isometry.scale","R/isometry_deviation.R"
"summarize.isometry.deviation","R/isometry_deviation.R"
".klp.clean.degree.grid","R/kernel_local_polynomial_cv.R"
".klp.clean.kernel.grid","R/kernel_local_polynomial_cv.R"
".klp.clean.support.grid","R/kernel_local_polynomial_cv.R"
".klp.cv.table","R/kernel_local_polynomial_cv.R"
".klp.design.cache.key","R/kernel_local_polynomial_cv.R"
".klp.design.ncol","R/kernel_local_polynomial_cv.R"
".klp.fit.intercept","R/kernel_local_polynomial_cv.R"
".klp.fit.intercept.design","R/kernel_local_polynomial_cv.R"
".klp.fit.intercept.lazy","R/kernel_local_polynomial_cv.R"
".klp.get.local.design","R/kernel_local_polynomial_cv.R"
".klp.kernel.weights","R/kernel_local_polynomial_cv.R"
".klp.local.coordinates","R/kernel_local_polynomial_cv.R"
".klp.local.design.cache","R/kernel_local_polynomial_cv.R"
".klp.local.neighborhood","R/kernel_local_polynomial_cv.R"
".klp.local.neighborhood.from.order","R/kernel_local_polynomial_cv.R"
".klp.local.order","R/kernel_local_polynomial_cv.R"
".klp.predict.local.polynomial","R/kernel_local_polynomial_cv.R"
".klp.prepare.foldid","R/kernel_local_polynomial_cv.R"
".klp.resolve.backend","R/kernel_local_polynomial_cv.R"
".klp.resolve.chart.dim","R/kernel_local_polynomial_cv.R"
".klp.rmse","R/kernel_local_polynomial_cv.R"
"kernel.local.polynomial.cv","R/kernel_local_polynomial_cv.R"
"predict.kernel.local.polynomial.cv","R/kernel_local_polynomial_cv.R"
"print.kernel.local.polynomial.cv","R/kernel_local_polynomial_cv.R"
"epanechnikov.kernel","R/kernels.R"
"get.bws","R/kernels.R"
"get.bws.with.minK","R/kernels.R"
"kernel.eval","R/kernels.R"
"normalize.dist","R/kernels.R"
"row.TS.norm","R/kernels.R"
"row.weighting","R/kernels.R"
"tr.exponential.kernel","R/kernels.R"
"triangular.kernel","R/kernels.R"
".normalize.knn.cache.path","R/knn_cache_helpers.R"
".knn.metric.id","R/knn_metric_helpers.R"
".normalize.knn.metric","R/knn_metric_helpers.R"
".normalize.linf.tol","R/knn_metric_helpers.R"
".validate.linf.simplex.input","R/knn_metric_helpers.R"
"lcor.with.posterior","R/lcor_with_posterior.R"
"lcor.with.posterior.cpp","R/lcor_with_posterior.R"
"lcor.with.posterior.R","R/lcor_with_posterior.R"
"print.lcor.posterior","R/lcor_with_posterior.R"
"print.summary.lcor.posterior","R/lcor_with_posterior.R"
"summary.lcor.posterior","R/lcor_with_posterior.R"
".assemble.asymmetric.result","R/lcor.R"
".assemble.symmetric.result","R/lcor.R"
".prepare_lcor_hop_graph","R/lcor.R"
"lcor","R/lcor.R"
"lcor.matrix.matrix","R/lcor.R"
"lcor.vector.matrix","R/lcor.R"
"lcor.vector.vector","R/lcor.R"
"lcor.vertex.heatmap","R/lcor.R"
"print.lcor_matrix_matrix_result","R/lcor.R"
"print.lcor_vector_matrix_result","R/lcor.R"
"summary.lcor_matrix_matrix_result","R/lcor.R"
"summary.lcor_vector_matrix_result","R/lcor.R"
"compute.persistence","R/local_extrema.R"
"detect.local.extrema","R/local_extrema.R"
"plot.local_extrema","R/local_extrema.R"
"print.summary.local_extrema","R/local_extrema.R"
"summary.local_extrema","R/local_extrema.R"
"unweighted.compute.persistence","R/local_extrema.R"
"vertices","R/local_extrema.R"
"vertices.local_extrema","R/local_extrema.R"
".edge.count.from.adj.list","R/local_geodesic_pruning.R"
".empty.pruned.edge.stats","R/local_geodesic_pruning.R"
".exact.knn.index","R/local_geodesic_pruning.R"
".local.dijkstra.distance","R/local_geodesic_pruning.R"
".normalize.global.ratio.prune.controls","R/local_geodesic_pruning.R"
".normalize.local.prune.controls","R/local_geodesic_pruning.R"
".normalize.prune.method","R/local_geodesic_pruning.R"
".prune.graph.by.method","R/local_geodesic_pruning.R"
".prune.graph.global.geodesic","R/local_geodesic_pruning.R"
".prune.graph.global.geodesic.ratio","R/local_geodesic_pruning.R"
".prune.graph.local.geodesic","R/local_geodesic_pruning.R"
".prune.graph.long.edges","R/local_geodesic_pruning.R"
".remove.undirected.edge","R/local_geodesic_pruning.R"
".local.pca.auto.chart.dim","R/local_pca_chart_dim.R"
".local.pca.auto.chart.dim.result","R/local_pca_chart_dim.R"
".local.pca.auto.chart.dim.row","R/local_pca_chart_dim.R"
".local.pca.auto.chart.dim.with.metric","R/local_pca_chart_dim.R"
".local.pca.max.chart.dim.for.support","R/local_pca_chart_dim.R"
".lpl.tf.assemble.sparse","R/lpl_tf.R"
".lpl.tf.coordinate.support","R/lpl_tf.R"
".lpl.tf.cv","R/lpl_tf.R"
".lpl.tf.decorate.cv","R/lpl_tf.R"
".lpl.tf.design.matrix","R/lpl_tf.R"
".lpl.tf.extract.graph.stage","R/lpl_tf.R"
".lpl.tf.fit.from.operator","R/lpl_tf.R"
".lpl.tf.fit.operator.grid","R/lpl_tf.R"
".lpl.tf.genlasso.path","R/lpl_tf.R"
".lpl.tf.is.svd.backend.error","R/lpl_tf.R"
".lpl.tf.kernel.weights","R/lpl_tf.R"
".lpl.tf.lambda.boundary","R/lpl_tf.R"
".lpl.tf.local.chart","R/lpl_tf.R"
".lpl.tf.matrix.rank","R/lpl_tf.R"
".lpl.tf.merge.operator.args","R/lpl_tf.R"
".lpl.tf.monomial.powers","R/lpl_tf.R"
".lpl.tf.normalize.row","R/lpl_tf.R"
".lpl.tf.operator.diagnostics","R/lpl_tf.R"
".lpl.tf.operator.grid.candidates","R/lpl_tf.R"
".lpl.tf.operator.row","R/lpl_tf.R"
".lpl.tf.operator.selection.row","R/lpl_tf.R"
".lpl.tf.operator.selection.score","R/lpl_tf.R"
".lpl.tf.prediction.weights","R/lpl_tf.R"
".lpl.tf.prepare.fit.operator","R/lpl_tf.R"
".lpl.tf.prepare.foldid","R/lpl_tf.R"
".lpl.tf.prepare.graph","R/lpl_tf.R"
".lpl.tf.prepare.solver.operator","R/lpl_tf.R"
".lpl.tf.row.result","R/lpl_tf.R"
".lpl.tf.scalar.integer","R/lpl_tf.R"
".lpl.tf.validate.operator.args","R/lpl_tf.R"
".lpl.tf.validate.response","R/lpl_tf.R"
"fit.lpl.tf","R/lpl_tf.R"
"lpl.tf.operator","R/lpl_tf.R"
"predict.lpl_tf","R/lpl_tf.R"
"print.lpl_tf_operator","R/lpl_tf.R"
"refit.lpl.tf","R/lpl_tf.R"
"coef.lslope.test","R/lslope_test_paired.R"
"lslope.test","R/lslope_test_paired.R"
"plot.lslope.test","R/lslope_test_paired.R"
"print.lslope.test","R/lslope_test_paired.R"
"print.summary.lslope.test","R/lslope_test_paired.R"
"significant.vertices","R/lslope_test_paired.R"
"summary.lslope.test","R/lslope_test_paired.R"
"lslope","R/lslope.R"
"lslope.matrix.matrix","R/lslope.R"
"lslope.neighborhood","R/lslope.R"
"lslope.vector.matrix","R/lslope.R"
"lslope.vector.matrix.R","R/lslope.R"
"lslope.vector.vector","R/lslope.R"
"print.lslope_gradient_result","R/lslope.R"
"print.lslope_matrix_matrix_result","R/lslope.R"
"print.lslope_neighborhood_result","R/lslope.R"
"print.lslope_vector_matrix_result","R/lslope.R"
"summary.lslope_matrix_matrix_result","R/lslope.R"
"summary.lslope_vector_matrix_result","R/lslope.R"
"cell.summary.df","R/madag.R"
"construct.madag","R/madag.R"
"enumerate.cell.trajectories","R/madag.R"
"get.cell","R/madag.R"
"identify.bottlenecks","R/madag.R"
"print.madag","R/madag.R"
"sample.cell.trajectories","R/madag.R"
"summary.madag","R/madag.R"
"trajectory.similarity.matrix","R/madag.R"
"detect.major.arms","R/major_arms.R"
".gflow.get_namespace_export","R/malo_runtime_helpers.R"
".gflow.require.malo","R/malo_runtime_helpers.R"
".gflow.require.namespace","R/malo_runtime_helpers.R"
".malps.average.predictions","R/malps.R"
".malps.bootstrap.weights","R/malps.R"
".malps.boundary.score","R/malps.R"
".malps.build.charts","R/malps.R"
".malps.build.prediction.supports","R/malps.R"
".malps.build.supports","R/malps.R"
".malps.candidate.params","R/malps.R"
".malps.chart.coordinates","R/malps.R"
".malps.compact.kernel","R/malps.R"
".malps.cv.loss","R/malps.R"
".malps.default.support.grid","R/malps.R"
".malps.design.column.names","R/malps.R"
".malps.design.matrix","R/malps.R"
".malps.design.size","R/malps.R"
".malps.distance.matrix","R/malps.R"
".malps.duplicate.row.info","R/malps.R"
".malps.fit.core","R/malps.R"
".malps.fit.local.models","R/malps.R"
".malps.format.index.message","R/malps.R"
".malps.inflate.radius","R/malps.R"
".malps.kernel.weights","R/malps.R"
".malps.make.candidate.table","R/malps.R"
".malps.model.quality.diagnostics","R/malps.R"
".malps.model.quality.weights","R/malps.R"
".malps.orient.pca.basis","R/malps.R"
".malps.predict.newdata","R/malps.R"
".malps.prepare.anchors","R/malps.R"
".malps.prepare.fixed.params","R/malps.R"
".malps.prepare.folds","R/malps.R"
".malps.prepare.graph.info","R/malps.R"
".malps.refit.with.supports","R/malps.R"
".malps.resolve.support.metric","R/malps.R"
".malps.robust.bisquare.weights","R/malps.R"
".malps.select.cv","R/malps.R"
".malps.select.cv.index","R/malps.R"
".malps.select.gcv","R/malps.R"
".malps.solve.wls","R/malps.R"
".malps.support.buffer.safe","R/malps.R"
".malps.support.distance.matrix","R/malps.R"
".malps.validate.anchor.coordinates","R/malps.R"
".malps.validate.anchor.index","R/malps.R"
".malps.validate.bootstrap.probs","R/malps.R"
".malps.validate.chart.dim","R/malps.R"
".malps.validate.degree","R/malps.R"
".malps.validate.degree.grid","R/malps.R"
".malps.validate.integer.scalar","R/malps.R"
".malps.validate.kernel.grid","R/malps.R"
".malps.validate.newdata","R/malps.R"
".malps.validate.nonnegative.integer","R/malps.R"
".malps.validate.positive.integer","R/malps.R"
".malps.validate.positive.integer.grid","R/malps.R"
".malps.validate.positive.numeric.grid","R/malps.R"
".malps.validate.positive.scalar","R/malps.R"
".malps.validate.proportion","R/malps.R"
".malps.validate.refit.weights","R/malps.R"
".malps.validate.X","R/malps.R"
".malps.validate.y","R/malps.R"
".malps.wls.coefficient.map","R/malps.R"
"bootstrap.malps","R/malps.R"
"fit.malps","R/malps.R"
"malps.gcv","R/malps.R"
"malps.smoother.matrix","R/malps.R"
"predict.malps","R/malps.R"
"print.malps","R/malps.R"
"print.malps_bootstrap","R/malps.R"
"refit.malps","R/malps.R"
"adaptive_mean_shift_gfa","R/mean_shift_smoother.R"
"knn_adaptive_mean_shift_gfa","R/mean_shift_smoother.R"
"meanshift.data.smoother","R/mean_shift_smoother.R"
"plot.MSD","R/mean_shift_smoother.R"
"extract.gradient.trajectory.from.structure","R/merge_clustered_basins.R"
"get.absorbed.extrema.info","R/merge_clustered_basins.R"
"merge.clustered.basins","R/merge_clustered_basins.R"
"merge.two.basins","R/merge_two_extrema.R"
"merge.two.extrema","R/merge_two_extrema.R"
".attach.metric.graph.lowpass.laplacian","R/metric_graph_lowpass.R"
".make.metric.graph.lowpass.block.index","R/metric_graph_lowpass.R"
".prepare.metric.graph.lowpass.eta.grid","R/metric_graph_lowpass.R"
".prepare.metric.graph.lowpass.response.matrix","R/metric_graph_lowpass.R"
".require.metric.graph.lowpass.finite","R/metric_graph_lowpass.R"
".validate.metric.graph.lowpass.gcv.result","R/metric_graph_lowpass.R"
".validate.metric.graph.lowpass.graph","R/metric_graph_lowpass.R"
".validate.metric.graph.lowpass.operator.args","R/metric_graph_lowpass.R"
".validate.metric.graph.lowpass.response","R/metric_graph_lowpass.R"
".validate.metric.graph.lowpass.solver.args","R/metric_graph_lowpass.R"
".validate.optional.block.size","R/metric_graph_lowpass.R"
".validate.positive.integer.scalar","R/metric_graph_lowpass.R"
"fit.metric.graph.lowpass","R/metric_graph_lowpass.R"
"metric.graph.lowpass.operator","R/metric_graph_lowpass.R"
"print.metric.graph.lowpass.fit","R/metric_graph_lowpass.R"
"print.metric.graph.lowpass.refit","R/metric_graph_lowpass.R"
"refit.metric.graph.lowpass","R/metric_graph_lowpass.R"
".count_connected_components","R/mknn_graphs.R"
"create.mknn.graph","R/mknn_graphs.R"
"create.mknn.graphs","R/mknn_graphs.R"
"print.mknn_graph","R/mknn_graphs.R"
"print.mknn_graphs","R/mknn_graphs.R"
"summary.mknn_graphs","R/mknn_graphs.R"
"create.cmst.graph","R/mst_completion_graphs.R"
"print.mst_completion_graph","R/mst_completion_graphs.R"
"print.summary.mst_completion_graph","R/mst_completion_graphs.R"
"summary.mst_completion_graph","R/mst_completion_graphs.R"
"mstree","R/mstree.R"
"complex.laplacian.solve","R/nerve_cx.R"
"create.nerve.complex","R/nerve_cx.R"
"extract.skeleton.graph","R/nerve_cx.R"
"get.simplex.counts","R/nerve_cx.R"
"graph.vs.complex.regression.compare","R/nerve_cx.R"
"print.nerve_complex","R/nerve_cx.R"
"set.complex.function.values","R/nerve_cx.R"
"set.complex.weight.scheme","R/nerve_cx.R"
"print.knn.outliers","R/outlier_detection.R"
"print.summary.knn.outliers","R/outlier_detection.R"
"remove.knn.outliers","R/outlier_detection.R"
"summary.knn.outliers","R/outlier_detection.R"
"parameterize.circular.graph","R/parameterize_circular_graph.R"
"plot.circular_parameterization","R/parameterize_circular_graph.R"
"print.circular_parameterization","R/parameterize_circular_graph.R"
"partition.graph","R/partition_graph.R"
"partition.cell.heatmaps","R/partition_heatmap.R"
"partition.heatmap","R/partition_heatmap.R"
"compare.paths","R/path_graphs.R"
"create.path.graph","R/path_graphs.R"
"create.path.graph.series","R/path_graphs.R"
"create.plm.graph","R/path_graphs.R"
"get.shortest.path","R/path_graphs.R"
"minh.limit","R/path_graphs.R"
"new.path.graph","R/path_graphs.R"
"print.path.graph","R/path_graphs.R"
"print.path.graph.plm","R/path_graphs.R"
"print.path.graph.series","R/path_graphs.R"
"summary.path.graph","R/path_graphs.R"
"summary.path.graph.series","R/path_graphs.R"
"permutation.test.lcor","R/permutation_test_lcor.R"
"cluster.max.mass","R/permutation_test_rdgraph.R"
"cluster.max.size","R/permutation_test_rdgraph.R"
"perm.test.audit","R/permutation_test_rdgraph.R"
"permutation.test.rdgraph","R/permutation_test_rdgraph.R"
".maxp_no_check","R/pextrema.R"
".minp_no_check","R/pextrema.R"
"maxp","R/pextrema.R"
"minp","R/pextrema.R"
".phc_as_distance_matrix","R/phate_core.R"
".phc_as_numeric_matrix","R/phate_core.R"
".phc_as_square_numeric_matrix","R/phate_core.R"
".phc_build_alpha_kernel","R/phate_core.R"
".phc_build_phate_kernel_cpp","R/phate_core.R"
".phc_diffusion_potential","R/phate_core.R"
".phc_knee_point_gflow","R/phate_core.R"
".phc_knee_point_phate","R/phate_core.R"
".phc_match_phate_mode","R/phate_core.R"
".phc_matrix_power","R/phate_core.R"
".phc_row_normalize","R/phate_core.R"
".phc_vne_curve_gflow","R/phate_core.R"
".phc_vne_curve_phate","R/phate_core.R"
".phe_build_embedding_distance","R/phate_core.R"
".phe_cmdscale_fit","R/phate_core.R"
".phe_match_embedding_method","R/phate_core.R"
".phe_resolve_distance_input","R/phate_core.R"
".phe_run_mds_backend","R/phate_core.R"
"phate","R/phate_core.R"
"phate.core","R/phate_core.R"
"phate.embed","R/phate_core.R"
"compute.clr.disk","R/plot_feature_distance_diagnostics.R"
"make.disk.diagnostics.pdf","R/plot_feature_distance_diagnostics.R"
"make.spt.diagnostics.pdf","R/plot_feature_distance_diagnostics.R"
"plot.abundance.distance.diagnostics","R/plot_feature_distance_diagnostics.R"
"plot.presence.distance.diagnostics","R/plot_feature_distance_diagnostics.R"
"plot.quantile.bin.diagnostics","R/plot_feature_distance_diagnostics.R"
"transform.logit","R/plot_feature_distance_diagnostics.R"
"plot.component","R/plot_graph_component.R"
"plot.components.multi","R/plot_graph_component.R"
"plot.trajectory.hurdle.association","R/plot_trajectory_hurdle_association.R"
"prep.trajectory.hurdle.association.data","R/plot_trajectory_hurdle_association.R"
"prep.trajectory.hurdle.association.data.v1","R/plot_trajectory_hurdle_association.R"
".run_plot3d_html_layers","R/plot_utils.R"
"add.grad.ED.arrows","R/plot_utils.R"
"bin.segments3d","R/plot_utils.R"
"circle.plot","R/plot_utils.R"
"cont.segments3d","R/plot_utils.R"
"draw.3d.line","R/plot_utils.R"
"draw.axes","R/plot_utils.R"
"draw.dashed.line3d","R/plot_utils.R"
"hor.error.bar","R/plot_utils.R"
"label.end.pts","R/plot_utils.R"
"mae.plot","R/plot_utils.R"
"map.S.to.X","R/plot_utils.R"
"panel.acor","R/plot_utils.R"
"panel.rlm","R/plot_utils.R"
"path.fn","R/plot_utils.R"
"plot2D.cltr.profiles","R/plot_utils.R"
"plot2D.cont","R/plot_utils.R"
"plot2D.node.level.props","R/plot_utils.R"
"plot2D.tree","R/plot_utils.R"
"plot3D.cl","R/plot_utils.R"
"plot3D.cltrs","R/plot_utils.R"
"plot3D.cltrs.html","R/plot_utils.R"
"plot3D.cltrs.widget","R/plot_utils.R"
"plot3D.cont","R/plot_utils.R"
"plot3D.cont.html","R/plot_utils.R"
"plot3D.cont.widget","R/plot_utils.R"
"plot3D.diskEmbdg","R/plot_utils.R"
"plot3D.geodesic","R/plot_utils.R"
"plot3D.path","R/plot_utils.R"
"plot3D.plain","R/plot_utils.R"
"plot3D.plain.html","R/plot_utils.R"
"plot3D.plain.widget","R/plot_utils.R"
"plot3D.tree","R/plot_utils.R"
"plotlcor.1D","R/plot_utils.R"
"quantize.for.legend","R/plot_utils.R"
"scale01","R/plot_utils.R"
"show.3d.cl","R/plot_utils.R"
"show.cltrs","R/plot_utils.R"
"vert.error.bar","R/plot_utils.R"
".pmg_as_numeric_matrix","R/potential_metric_graph.R"
".pmg_as_square_numeric_matrix","R/potential_metric_graph.R"
".pmg_build_incidence","R/potential_metric_graph.R"
".pmg_build_topology_from_operator_knn","R/potential_metric_graph.R"
".pmg_build_topology_from_operator_nonzero","R/potential_metric_graph.R"
".pmg_build_topology_from_potential_knn","R/potential_metric_graph.R"
".pmg_compute_objective","R/potential_metric_graph.R"
".pmg_edges_to_lists","R/potential_metric_graph.R"
".pmg_evaluate_weights","R/potential_metric_graph.R"
".pmg_extract_undirected_edges","R/potential_metric_graph.R"
".pmg_graph_from_edges","R/potential_metric_graph.R"
".pmg_matrix_power_int","R/potential_metric_graph.R"
".pmg_prepare_operator_inputs","R/potential_metric_graph.R"
".pmg_resolve_target_distance_matrix","R/potential_metric_graph.R"
".pmg_row_normalize_operator","R/potential_metric_graph.R"
".pmg_select_pairs","R/potential_metric_graph.R"
".pmg_similarity_to_edge_length","R/potential_metric_graph.R"
".pmg_solve_fixed_paths","R/potential_metric_graph.R"
".pmg_validate_graph_inputs","R/potential_metric_graph.R"
"construct.potential.metric.graph","R/potential_metric_graph.R"
"construct.potential.metric.graph.from.phate","R/potential_metric_graph.R"
"floor_mass","R/preprocess_matrix.R"
"normal.scores.vec","R/preprocess_matrix.R"
"preprocess.matrix.asinh","R/preprocess_matrix.R"
"preprocess.matrix.logshift","R/preprocess_matrix.R"
"preprocess.matrix.normscores","R/preprocess_matrix.R"
"robust.zscore.vec","R/preprocess_matrix.R"
"select.features.by.floor.mass","R/preprocess_matrix.R"
"winsorize.vec","R/preprocess_matrix.R"
"diagnose.twoplane.geometry","R/preprocess_metabolon_twoplane.R"
"edges.from.nnindex","R/preprocess_metabolon_twoplane.R"
"impute.two.thirds.min.pos","R/preprocess_metabolon_twoplane.R"
"jaccard.edge.distance","R/preprocess_metabolon_twoplane.R"
"knn.edit.distance.curve","R/preprocess_metabolon_twoplane.R"
"logratio.clr.matrix","R/preprocess_metabolon_twoplane.R"
"logratio.to.refs.matrix","R/preprocess_metabolon_twoplane.R"
"plot.knn.edit.curve","R/preprocess_metabolon_twoplane.R"
"plot.metabolon_twoplane","R/preprocess_metabolon_twoplane.R"
"preprocess.metabolon.twoplane","R/preprocess_metabolon_twoplane.R"
"robust.zscore.vec","R/preprocess_metabolon_twoplane.R"
"select.stable.references","R/preprocess_metabolon_twoplane.R"
"winsorize.vec","R/preprocess_metabolon_twoplane.R"
".pttf.fit.apply.row.policy","R/pttf_fit.R"
".pttf.fit.cv.foldid","R/pttf_fit.R"
".pttf.fit.decorate.l1","R/pttf_fit.R"
".pttf.fit.default.l1.lambda.grid","R/pttf_fit.R"
".pttf.fit.l2","R/pttf_fit.R"
".pttf.fit.l2.cv","R/pttf_fit.R"
".pttf.fit.l2.solve","R/pttf_fit.R"
".pttf.fit.lambda.boundary","R/pttf_fit.R"
".pttf.fit.line.rank","R/pttf_fit.R"
".pttf.fit.prepare.operator","R/pttf_fit.R"
".pttf.fit.validate.response","R/pttf_fit.R"
".pttf.fit.validate.weights","R/pttf_fit.R"
"fit.pttf.trend.filtering","R/pttf_fit.R"
"print.pttf.trend.filtering.fit","R/pttf_fit.R"
".pttf.geometry.all.source.distances","R/pttf_geometry.R"
".pttf.geometry.cycle.diagnostics","R/pttf_geometry.R"
".pttf.geometry.cycle.product.residual","R/pttf_geometry.R"
".pttf.geometry.density","R/pttf_geometry.R"
".pttf.geometry.edge.table","R/pttf_geometry.R"
".pttf.geometry.frames","R/pttf_geometry.R"
".pttf.geometry.fundamental.cycles","R/pttf_geometry.R"
".pttf.geometry.get.O","R/pttf_geometry.R"
".pttf.geometry.hop.distances","R/pttf_geometry.R"
".pttf.geometry.matrix.condition","R/pttf_geometry.R"
".pttf.geometry.non.tree.summary","R/pttf_geometry.R"
".pttf.geometry.non.tree.sync.residuals","R/pttf_geometry.R"
".pttf.geometry.orientation.sync","R/pttf_geometry.R"
".pttf.geometry.orthogonal.factor","R/pttf_geometry.R"
".pttf.geometry.prepare.graph","R/pttf_geometry.R"
".pttf.geometry.procrustes.edge","R/pttf_geometry.R"
".pttf.geometry.single.source.distances","R/pttf_geometry.R"
".pttf.geometry.supports","R/pttf_geometry.R"
".pttf.geometry.transports","R/pttf_geometry.R"
".pttf.geometry.tree.path","R/pttf_geometry.R"
".pttf.geometry.valid.frame","R/pttf_geometry.R"
"pttf.geometry","R/pttf_geometry.R"
".pttf.index.multiplicity","R/pttf_operator.R"
".pttf.multi.indices","R/pttf_operator.R"
".pttf.operator.assemble.level","R/pttf_operator.R"
".pttf.operator.assemble.vertex","R/pttf_operator.R"
".pttf.operator.compact.final","R/pttf_operator.R"
".pttf.operator.diagnostics","R/pttf_operator.R"
".pttf.operator.empty.vertex","R/pttf_operator.R"
".pttf.operator.geometry.summary","R/pttf_operator.R"
".pttf.operator.initial.state","R/pttf_operator.R"
".pttf.operator.intermediate","R/pttf_operator.R"
".pttf.operator.local.design","R/pttf_operator.R"
".pttf.operator.match.order","R/pttf_operator.R"
".pttf.operator.neighbors","R/pttf_operator.R"
".pttf.operator.oriented.edges","R/pttf_operator.R"
".pttf.operator.pinv","R/pttf_operator.R"
".pttf.operator.q","R/pttf_operator.R"
".pttf.operator.require.positive","R/pttf_operator.R"
".pttf.operator.row.mass","R/pttf_operator.R"
".pttf.operator.row.table","R/pttf_operator.R"
".pttf.operator.triplet","R/pttf_operator.R"
".pttf.operator.vertex.row","R/pttf_operator.R"
".pttf.operator.vertex.table","R/pttf_operator.R"
".pttf.permutations","R/pttf_operator.R"
".pttf.symmetric.tensor.basis","R/pttf_operator.R"
".pttf.symmetric.tensor.direction.design","R/pttf_operator.R"
".pttf.symmetric.tensor.transport","R/pttf_operator.R"
".pttf.tensor.contract.last","R/pttf_operator.R"
".pttf.tensor.coord.from.full","R/pttf_operator.R"
".pttf.tensor.full.from.coord","R/pttf_operator.R"
".pttf.tensor.transport.full","R/pttf_operator.R"
"print.pttf_operator","R/pttf_operator.R"
"pttf.operator","R/pttf_operator.R"
"pttf.operator.filter.rows","R/pttf_operator.R"
"print.weighted.p.summary","R/pvalue_utils.R"
"weighted.p.value","R/pvalue_utils.R"
"weighted.p.value.summary","R/pvalue_utils.R"
".quadform.adj.components","R/quadform_geodesics.R"
".quadform.cell.key","R/quadform_geodesics.R"
".quadform.cube.corners.nd","R/quadform_geodesics.R"
".quadform.cube.facet.centers.nd","R/quadform_geodesics.R"
".quadform.default.domain.radius","R/quadform_geodesics.R"
".quadform.default.oracle.tube.radius","R/quadform_geodesics.R"
".quadform.delaunay.edges.3d","R/quadform_geodesics.R"
".quadform.delaunay.edges.3d.cpp","R/quadform_geodesics.R"
".quadform.delaunay.edges.3d.geometry","R/quadform_geodesics.R"
".quadform.domain.label","R/quadform_geodesics.R"
".quadform.domain.volume.3d","R/quadform_geodesics.R"
".quadform.domain.volume.nd","R/quadform_geodesics.R"
".quadform.edge.list.to.adj","R/quadform_geodesics.R"
".quadform.empty.parameter.matrix","R/quadform_geodesics.R"
".quadform.epsilon.net.3d","R/quadform_geodesics.R"
".quadform.epsilon.net.nd","R/quadform_geodesics.R"
".quadform.filter.delaunay.edges","R/quadform_geodesics.R"
".quadform.greedy.epsilon.net","R/quadform_geodesics.R"
".quadform.highdim.reference.geodesics","R/quadform_geodesics.R"
".quadform.local.radius.edges","R/quadform_geodesics.R"
".quadform.nearest.parameter.distance","R/quadform_geodesics.R"
".quadform.nearest.self.parameter.distance","R/quadform_geodesics.R"
".quadform.points.inside.domain","R/quadform_geodesics.R"
".quadform.points.inside.domain.nd","R/quadform_geodesics.R"
".quadform.reference.grid.2d","R/quadform_geodesics.R"
".quadform.reference.grid.edges.2d","R/quadform_geodesics.R"
".quadform.reference.sample.edges","R/quadform_geodesics.R"
".quadform.reference.vertex.coverage.nd","R/quadform_geodesics.R"
".quadform.reference.vertices.2d","R/quadform_geodesics.R"
".quadform.repair.highdim.reference.mst","R/quadform_geodesics.R"
".quadform.sample.boundary.3d","R/quadform_geodesics.R"
".quadform.sample.boundary.nd","R/quadform_geodesics.R"
".quadform.sample.parameter","R/quadform_geodesics.R"
".quadform.sample.parameter.3d","R/quadform_geodesics.R"
".quadform.sample.parameter.3d.method","R/quadform_geodesics.R"
".quadform.sample.parameter.nd","R/quadform_geodesics.R"
".quadform.sample.parameter.nd.method","R/quadform_geodesics.R"
".quadform.sample.radial.parameter.disk","R/quadform_geodesics.R"
".quadform.sample.radial.parameter.square","R/quadform_geodesics.R"
".quadform.sample.uniform.parameter.disk","R/quadform_geodesics.R"
".quadform.sample.uniform.parameter.square","R/quadform_geodesics.R"
".quadform.signs","R/quadform_geodesics.R"
".quadform.value","R/quadform_geodesics.R"
".sample.quadform.reference.pairs","R/quadform_geodesics.R"
".summarize.quadform.grid.error","R/quadform_geodesics.R"
".validate.quadform.coefficients","R/quadform_geodesics.R"
".validate.quadform.data.matrix","R/quadform_geodesics.R"
".validate.quadform.domain.shape","R/quadform_geodesics.R"
".validate.quadform.index","R/quadform_geodesics.R"
".validate.quadform.reference.domain.shape","R/quadform_geodesics.R"
".with.quadform.seed","R/quadform_geodesics.R"
"quadform.delaunay.geodesic.distances","R/quadform_geodesics.R"
"quadform.edge.length","R/quadform_geodesics.R"
"quadform.edge.lengths","R/quadform_geodesics.R"
"quadform.embed","R/quadform_geodesics.R"
"quadform.experimental.local.reference.geodesics","R/quadform_geodesics.R"
"quadform.gradient","R/quadform_geodesics.R"
"quadform.grid.geodesic.calibration","R/quadform_geodesics.R"
"quadform.grid.geodesic.distances","R/quadform_geodesics.R"
"quadform.metric","R/quadform_geodesics.R"
"quadform.reference.geodesics","R/quadform_geodesics.R"
"quadform.sample.dataset","R/quadform_geodesics.R"
".adaptive.radius.edges.ann","R/radius_graphs.R"
".create.adaptive.radius.graph","R/radius_graphs.R"
".create.radius.graph","R/radius_graphs.R"
".default.radius.prune.k","R/radius_graphs.R"
".finalize.radius.graph","R/radius_graphs.R"
".pairwise.radius.edges","R/radius_graphs.R"
".radius.graph.timing.frame","R/radius_graphs.R"
".validate.numeric.data.matrix","R/radius_graphs.R"
"create.adaptive.radius.graph","R/radius_graphs.R"
"create.cknn.graph","R/radius_graphs.R"
"create.radius.graph","R/radius_graphs.R"
"create.rknn.graph","R/radius_graphs.R"
"print.adaptive_radius_graph","R/radius_graphs.R"
"print.cknn_graph","R/radius_graphs.R"
"print.radius_graph","R/radius_graphs.R"
"dlaplace","R/random_sampling.R"
"plaplace","R/random_sampling.R"
"qlaplace","R/random_sampling.R"
"rlaplace","R/random_sampling.R"
"runif.simplex","R/random_sampling.R"
"runif.sphere","R/random_sampling.R"
"runif.torus","R/random_sampling.R"
"sample.from.1d.density","R/random_sampling.R"
"sample.from.empirical.distribution","R/random_sampling.R"
"rcpp_adaptive_mean_shift_gfa","R/RcppExports.R"
"rcpp_compute_graph_endpoint_scores","R/RcppExports.R"
"rcpp_graph_greedy_maxima_suppression_by_scale","R/RcppExports.R"
"Rcpp_graph_kernel_smoother","R/RcppExports.R"
"rcpp_graph_multi_source_support_by_scale","R/RcppExports.R"
"rcpp_kernel_local_polynomial_cv_coordinates","R/RcppExports.R"
"rcpp_kernel_local_polynomial_predict_coordinates","R/RcppExports.R"
"rcpp_knn_adaptive_mean_shift_gfa","R/RcppExports.R"
"rcpp_local_pca_chart","R/RcppExports.R"
"rcpp_quadform_delaunay_edges_3d","R/RcppExports.R"
"rcpp_quadform_edge_lengths","R/RcppExports.R"
"rcpp_quadform_grid_geodesic_distances","R/RcppExports.R"
"rcpp_quadform_grid_pair_distances","R/RcppExports.R"
"compute.filter.weights.matrix","R/refit_rdgraph_regression.R"
"print.knn.riem.refit","R/refit_rdgraph_regression.R"
"print.summary.knn.riem.refit","R/refit_rdgraph_regression.R"
"refit.blocked","R/refit_rdgraph_regression.R"
"refit.rdgraph.regression","R/refit_rdgraph_regression.R"
"select.eta.gcv.single","R/refit_rdgraph_regression.R"
"select.eta.gcv.single.fast","R/refit_rdgraph_regression.R"
"summary.knn.riem.refit","R/refit_rdgraph_regression.R"
"compute.effective.degrees","R/riem_dcx_regression.R"
"compute.pextrema.nbhds","R/riem_dcx_regression.R"
"fit.rdgraph.regression","R/riem_dcx_regression.R"
"fit.rdgraph.regression.semiy","R/riem_dcx_regression.R"
"fitted.knn.riem.fit","R/riem_dcx_regression.R"
"get.rcx.optimal.k","R/riem_dcx_regression.R"
"k.diagnostics.plots","R/riem_dcx_regression.R"
"print.summary.knn.riem.fit","R/riem_dcx_regression.R"
"residuals.knn.riem.fit","R/riem_dcx_regression.R"
"summary.knn.riem.fit","R/riem_dcx_regression.R"
"matrix.weighted.means","R/row_wise_operations.R"
"row.weighted.mean","R/row_wise_operations.R"
"row.weighted.mean.BB","R/row_wise_operations.R"
"row.weighted.mean.BB.CI.v1","R/row_wise_operations.R"
"row.weighted.mean.BB.CI.v2","R/row_wise_operations.R"
"row.weighted.mean.BB.qCrI","R/row_wise_operations.R"
"scan.resolution","R/scan_resolution.R"
"build_transition_matrix","R/scan_stability.R"
"compute_stability_score","R/scan_stability.R"
"matrix_power","R/scan_stability.R"
"optimize_stability_greedy","R/scan_stability.R"
"scan.stability","R/scan_stability.R"
"build.se.tree","R/se_tree.R"
"print.se_tree","R/se_tree.R"
"print.phylotype_selection","R/select_phylotypes_for_assoc.R"
"select.phylotypes.for.assoc","R/select_phylotypes_for_assoc.R"
"select3D.points","R/select_pts.R"
"select3D.points.html","R/select_pts.R"
"select3D.points.plotly","R/select_pts.R"
"select3D.points.profiles","R/select_pts.R"
"show.profile","R/select_pts.R"
"create.sknn.graph","R/sknn_graphs.R"
"print.sknn_graph","R/sknn_graphs.R"
".slpl.tf.cv","R/slpl_tf.R"
".slpl.tf.decorate.cv","R/slpl_tf.R"
".slpl.tf.fit.from.operator","R/slpl_tf.R"
".slpl.tf.fit.operator.grid","R/slpl_tf.R"
".slpl.tf.genlasso.path","R/slpl_tf.R"
".slpl.tf.inclusive.kernel.weights","R/slpl_tf.R"
".slpl.tf.inclusive.support.from.lpl","R/slpl_tf.R"
".slpl.tf.is.svd.backend.error","R/slpl_tf.R"
".slpl.tf.operator.diagnostics","R/slpl_tf.R"
".slpl.tf.operator.selection.row","R/slpl_tf.R"
".slpl.tf.operator.selection.score","R/slpl_tf.R"
".slpl.tf.polynomial.residual","R/slpl_tf.R"
".slpl.tf.prepare.fit.operator","R/slpl_tf.R"
".slpl.tf.sync.operator.from.lpl","R/slpl_tf.R"
".slpl.tf.sync.rows.from.maps","R/slpl_tf.R"
".slpl.tf.update.cv.selection","R/slpl_tf.R"
".slpl.tf.validate.lambda.grid","R/slpl_tf.R"
"fit.slpl.tf","R/slpl_tf.R"
"predict.slpl_tf","R/slpl_tf.R"
"print.slpl_tf_operator","R/slpl_tf.R"
"refit.slpl.tf","R/slpl_tf.R"
"slpl.tf.operator","R/slpl_tf.R"
".gflow.fit.curve.with.ci","R/spline_replacements.R"
".gflow.fit.gcv.smoother","R/spline_replacements.R"
".gflow.fit.iknn.trend","R/spline_replacements.R"
".gflow.prepare.spline.data","R/spline_replacements.R"
".gflow.safe.spline.predict","R/spline_replacements.R"
".gflow.safe.weighted.mean","R/spline_replacements.R"
".gflow.select.spline.spar","R/spline_replacements.R"
".gflow.with.external.BB.spline","R/spline_replacements.R"
"gflow.smooth.spline","R/spline_replacements.R"
".fit.ssrhe.hessian.from.operator","R/ssrhe_hessian_energy.R"
".fit.ssrhe.hessian.gcv.from.operator","R/ssrhe_hessian_energy.R"
".fit.ssrhe.hessian.l1.from.operator","R/ssrhe_hessian_energy.R"
".fit.ssrhe.hessian.l1.path","R/ssrhe_hessian_energy.R"
".prepare.ssrhe.cv.folds","R/ssrhe_hessian_energy.R"
".prepare.ssrhe.neighborhood","R/ssrhe_hessian_energy.R"
".prepare.ssrhe.response.matrix","R/ssrhe_hessian_energy.R"
".prepare.ssrhe.weight.matrix","R/ssrhe_hessian_energy.R"
".solve.ssrhe.hessian.system","R/ssrhe_hessian_energy.R"
".ssrhe.default.min.support","R/ssrhe_hessian_energy.R"
".ssrhe.design.ncol","R/ssrhe_hessian_energy.R"
".ssrhe.hessian.l1.admm","R/ssrhe_hessian_energy.R"
".ssrhe.hessian.l1.admm.grid","R/ssrhe_hessian_energy.R"
".ssrhe.hessian.l1.coef.matrix","R/ssrhe_hessian_energy.R"
".ssrhe.hessian.l1.cv","R/ssrhe_hessian_energy.R"
".ssrhe.hessian.l1.default.lambda.grid","R/ssrhe_hessian_energy.R"
".ssrhe.hessian.l1.diagnostics","R/ssrhe_hessian_energy.R"
".ssrhe.hessian.l1.penalty.matrix","R/ssrhe_hessian_energy.R"
".ssrhe.hessian.smoother.trace","R/ssrhe_hessian_energy.R"
".ssrhe.hessian.smoother.trace.exact","R/ssrhe_hessian_energy.R"
".ssrhe.hessian.smoother.trace.hutchinson","R/ssrhe_hessian_energy.R"
".ssrhe.hessian.system.matrix","R/ssrhe_hessian_energy.R"
".ssrhe.local.geometry.diagnostics","R/ssrhe_hessian_energy.R"
".ssrhe.nearest.outside.support","R/ssrhe_hessian_energy.R"
".ssrhe.operator.timing.row","R/ssrhe_hessian_energy.R"
".ssrhe.soft.threshold","R/ssrhe_hessian_energy.R"
".ssrhe.support.diagnostics","R/ssrhe_hessian_energy.R"
".ssrhe.trace.grid.seed","R/ssrhe_hessian_energy.R"
".ssrhe.triplet.to.sparse","R/ssrhe_hessian_energy.R"
".ssrhe.with.optional.seed","R/ssrhe_hessian_energy.R"
".validate.ssrhe.derivative.order","R/ssrhe_hessian_energy.R"
".validate.ssrhe.hessian.l1.lambda.grid","R/ssrhe_hessian_energy.R"
".validate.ssrhe.hessian.l1.solver.args","R/ssrhe_hessian_energy.R"
".validate.ssrhe.lambda.grid","R/ssrhe_hessian_energy.R"
".validate.ssrhe.nn.index","R/ssrhe_hessian_energy.R"
".validate.ssrhe.nonnegative.integer","R/ssrhe_hessian_energy.R"
".validate.ssrhe.nonnegative.scalar","R/ssrhe_hessian_energy.R"
".validate.ssrhe.numeric.scalar","R/ssrhe_hessian_energy.R"
".validate.ssrhe.optional.seed","R/ssrhe_hessian_energy.R"
".validate.ssrhe.positive.integer","R/ssrhe_hessian_energy.R"
".validate.ssrhe.support.grid","R/ssrhe_hessian_energy.R"
".validate.ssrhe.support.index","R/ssrhe_hessian_energy.R"
".validate.ssrhe.X","R/ssrhe_hessian_energy.R"
"fit.ssrhe.hessian.l1.regression","R/ssrhe_hessian_energy.R"
"fit.ssrhe.hessian.regression","R/ssrhe_hessian_energy.R"
"fit.ssrhe.hessian.regression.cv","R/ssrhe_hessian_energy.R"
"fit.ssrhe.hessian.regression.gcv","R/ssrhe_hessian_energy.R"
"print.ssrhe.hessian.cv.fit","R/ssrhe_hessian_energy.R"
"print.ssrhe.hessian.fit","R/ssrhe_hessian_energy.R"
"print.ssrhe.hessian.gcv.fit","R/ssrhe_hessian_energy.R"
"print.ssrhe.hessian.l1.fit","R/ssrhe_hessian_energy.R"
"print.ssrhe.hessian.operator","R/ssrhe_hessian_energy.R"
"print.ssrhe.hessian.refit","R/ssrhe_hessian_energy.R"
"refit.ssrhe.hessian.l1.regression","R/ssrhe_hessian_energy.R"
"refit.ssrhe.hessian.regression","R/ssrhe_hessian_energy.R"
"ssrhe.hessian.operator","R/ssrhe_hessian_energy.R"
"ssrhe.support.grid","R/ssrhe_hessian_energy.R"
"analyze.hierarchical.differences","R/stats_utils.R"
"angle.3D","R/stats_utils.R"
"apply.ceiling","R/stats_utils.R"
"apply.floor","R/stats_utils.R"
"bayes.factors.symbols","R/stats_utils.R"
"boa.overlap","R/stats_utils.R"
"break.composition.ties","R/stats_utils.R"
"break.ties","R/stats_utils.R"
"centroid.shift","R/stats_utils.R"
"clamp","R/stats_utils.R"
"compute.bayesian.effects","R/stats_utils.R"
"compute.mad.threshold","R/stats_utils.R"
"compute.pairwise.bayes.factors","R/stats_utils.R"
"compute.tukey.threshold","R/stats_utils.R"
"cross.prod","R/stats_utils.R"
"derivative.second.order.method","R/stats_utils.R"
"disk.to.sphere","R/stats_utils.R"
"ecdf.cpp","R/stats_utils.R"
"entropy","R/stats_utils.R"
"evenness","R/stats_utils.R"
"find.barrier","R/stats_utils.R"
"find.elbow.threshold","R/stats_utils.R"
"find.inflection.pts","R/stats_utils.R"
"find.local.minima","R/stats_utils.R"
"gaussian.second.derivative","R/stats_utils.R"
"internal.find.local.minima","R/stats_utils.R"
"inv.logit","R/stats_utils.R"
"jaccard.index","R/stats_utils.R"
"knn.weighted.mean","R/stats_utils.R"
"L2.normalize.matrix","R/stats_utils.R"
"left.winsorize","R/stats_utils.R"
"matrix.format","R/stats_utils.R"
"minmax.normalize","R/stats_utils.R"
"mode.1D","R/stats_utils.R"
"n.zeros","R/stats_utils.R"
"non.NA.values","R/stats_utils.R"
"non.zero.values","R/stats_utils.R"
"normalize.and.inv.logit","R/stats_utils.R"
"overlap.coefficient","R/stats_utils.R"
"p.cases","R/stats_utils.R"
"pca.optimal.components","R/stats_utils.R"
"pca.project","R/stats_utils.R"
"pca.variance.analysis","R/stats_utils.R"
"pearson.wcor","R/stats_utils.R"
"pearson.wcor.BB.qCrI","R/stats_utils.R"
"persistent.values","R/stats_utils.R"
"prepare.binary.cond.exp","R/stats_utils.R"
"prepare.continuous.outcome","R/stats_utils.R"
"prepare.for.extrema.detection","R/stats_utils.R"
"project.onto.subspace","R/stats_utils.R"
"quantize.cont.var","R/stats_utils.R"
"radial.Lp.transform","R/stats_utils.R"
"Rdensity.distance","R/stats_utils.R"
"restric.to.Linf.unit.sphere","R/stats_utils.R"
"right.winsorize","R/stats_utils.R"
"rm.SS.outliers","R/stats_utils.R"
"robust.log.transform","R/stats_utils.R"
"robust.transform","R/stats_utils.R"
"robust.z.normalize","R/stats_utils.R"
"robust.zscore","R/stats_utils.R"
"scale_to_range","R/stats_utils.R"
"scaled.log.tan","R/stats_utils.R"
"shifted.tan","R/stats_utils.R"
"spectral.features","R/stats_utils.R"
"thresholded.sigmoid","R/stats_utils.R"
"vector.norm","R/stats_utils.R"
"winsorize","R/stats_utils.R"
"winsorize.zscore","R/stats_utils.R"
".build.rdgraph_neighbor_weights","R/subject_neighborhood_stats.R"
".resolve.rdgraph_fit_for_subject_stats","R/subject_neighborhood_stats.R"
"rdgraph.neighbor.weights","R/subject_neighborhood_stats.R"
"subject.neighborhood.stats","R/subject_neighborhood_stats.R"
"bi.gaussian","R/synthetic_data_utils.R"
"bi.gaussian.mixture","R/synthetic_data_utils.R"
"bump.fn","R/synthetic_data_utils.R"
"circular.synthetic.mixture.of.gaussians","R/synthetic_data_utils.R"
"create.gaussian.mixture","R/synthetic_data_utils.R"
"gaussian.mixture.xD","R/synthetic_data_utils.R"
"gaussian.xD","R/synthetic_data_utils.R"
"gaussian.xD.grad","R/synthetic_data_utils.R"
"generate_2d_centers","R/synthetic_data_utils.R"
"generate_amplitudes_2d","R/synthetic_data_utils.R"
"generate_covariances_2d","R/synthetic_data_utils.R"
"generate_sampling_points","R/synthetic_data_utils.R"
"generate_sd_knots","R/synthetic_data_utils.R"
"generate_x_knots","R/synthetic_data_utils.R"
"generate_y_knots","R/synthetic_data_utils.R"
"generate.1d.circular.gaussian.mixture","R/synthetic_data_utils.R"
"generate.1d.gaussian.mixture","R/synthetic_data_utils.R"
"generate.binary.sample.from.gaussian.mixture","R/synthetic_data_utils.R"
"generate.circle","R/synthetic_data_utils.R"
"generate.circle.data","R/synthetic_data_utils.R"
"generate.clustered.data","R/synthetic_data_utils.R"
"generate.noisy.circle.embedding","R/synthetic_data_utils.R"
"generate.partition","R/synthetic_data_utils.R"
"generate.synthetic.function.higher.dim","R/synthetic_data_utils.R"
"generate.trefoil.knot","R/synthetic_data_utils.R"
"get.gaussian.mixture","R/synthetic_data_utils.R"
"get.gaussian.mixture.2d","R/synthetic_data_utils.R"
"ggaussian","R/synthetic_data_utils.R"
"left.asymmetric.bump.fn","R/synthetic_data_utils.R"
"normalize.and.inv.logit.fn","R/synthetic_data_utils.R"
"partition.of.unity.1D","R/synthetic_data_utils.R"
"partition.of.unity.xD","R/synthetic_data_utils.R"
"plot.gaussian_mixture","R/synthetic_data_utils.R"
"plot.gaussian_mixture_data","R/synthetic_data_utils.R"
"plot3D.gaussian_mixture","R/synthetic_data_utils.R"
"print.gaussian_mixture","R/synthetic_data_utils.R"
"print.summary.gaussian_mixture","R/synthetic_data_utils.R"
"qexp.gaussian","R/synthetic_data_utils.R"
"radial.qexp.gaussian","R/synthetic_data_utils.R"
"remove.close.neighbors","R/synthetic_data_utils.R"
"right.asymmetric.bump.fn","R/synthetic_data_utils.R"
"sample.gaussian_mixture","R/synthetic_data_utils.R"
"skewed.gaussian","R/synthetic_data_utils.R"
"summary.gaussian_mixture","R/synthetic_data_utils.R"
"synthetic.1D.spline","R/synthetic_data_utils.R"
"synthetic.mixture.of.gaussians","R/synthetic_data_utils.R"
"synthetic.xD.spline","R/synthetic_data_utils.R"
"test.graph.MS.cx.on.synth.cloud.data","R/synthetic_data_utils.R"
"torus.knot","R/synthetic_data_utils.R"
"v1.torus.knot","R/synthetic_data_utils.R"
"test.disk.feature.distance.association.spt","R/test_disk_feature_distance_association_spt.R"
"test.disk.feature.distance.association","R/test_disk_feature_distance_association.R"
"cluster.cell.trajectories.dtw","R/trajectory_clustering.R"
".make.dist.from.lower","R/trajectory_distances.R"
"frechet.distance.discrete.cost","R/trajectory_distances.R"
"graph.metric.precompute","R/trajectory_distances.R"
"hausdorff.distance.cost","R/trajectory_distances.R"
"lcss.eps.auto.graph","R/trajectory_distances.R"
"lcss.eps.auto.matchrate.graph","R/trajectory_distances.R"
"lcss.length.cost","R/trajectory_distances.R"
"point.dist.matrix","R/trajectory_distances.R"
"traj.dtw.distance","R/trajectory_distances.R"
"traj.frechet.distance.graph","R/trajectory_distances.R"
"traj.lcss.distance.graph","R/trajectory_distances.R"
"traj.local.cost.graph","R/trajectory_distances.R"
"traj.points","R/trajectory_distances.R"
"trajectory.dist","R/trajectory_distances.R"
"cluster.cell.trajectories","R/trajectory_graph_clustering.R"
"trajectory.cluster.vertices","R/trajectory_graph_clustering.R"
".transported.graph.hessian.chart.locality","R/transported_graph_hessian.R"
".transported.graph.hessian.cmdscale.embedding","R/transported_graph_hessian.R"
".transported.graph.hessian.coordinates","R/transported_graph_hessian.R"
".transported.graph.hessian.darts","R/transported_graph_hessian.R"
".transported.graph.hessian.direction.labels","R/transported_graph_hessian.R"
".transported.graph.hessian.distance.stress","R/transported_graph_hessian.R"
".transported.graph.hessian.dropped.soft.record","R/transported_graph_hessian.R"
".transported.graph.hessian.edge.angle.scales","R/transported_graph_hessian.R"
".transported.graph.hessian.edge.angle.scores","R/transported_graph_hessian.R"
".transported.graph.hessian.edge.angle.transport","R/transported_graph_hessian.R"
".transported.graph.hessian.edge.kk.function","R/transported_graph_hessian.R"
".transported.graph.hessian.edge.stress","R/transported_graph_hessian.R"
".transported.graph.hessian.embedding.result","R/transported_graph_hessian.R"
".transported.graph.hessian.exact.transport","R/transported_graph_hessian.R"
".transported.graph.hessian.first.difference","R/transported_graph_hessian.R"
".transported.graph.hessian.gradient.chart.score","R/transported_graph_hessian.R"
".transported.graph.hessian.gradient.coefficients","R/transported_graph_hessian.R"
".transported.graph.hessian.gradient.coefficients.one","R/transported_graph_hessian.R"
".transported.graph.hessian.graph.diameter","R/transported_graph_hessian.R"
".transported.graph.hessian.grip.edge.kk.embedding","R/transported_graph_hessian.R"
".transported.graph.hessian.hop.distances","R/transported_graph_hessian.R"
".transported.graph.hessian.local.chart.diagnostics","R/transported_graph_hessian.R"
".transported.graph.hessian.local.disk","R/transported_graph_hessian.R"
".transported.graph.hessian.local.distance.matrix","R/transported_graph_hessian.R"
".transported.graph.hessian.local.embedding","R/transported_graph_hessian.R"
".transported.graph.hessian.local.scales","R/transported_graph_hessian.R"
".transported.graph.hessian.local.subgraph","R/transported_graph_hessian.R"
".transported.graph.hessian.match.confidence","R/transported_graph_hessian.R"
".transported.graph.hessian.match.gate","R/transported_graph_hessian.R"
".transported.graph.hessian.matrix","R/transported_graph_hessian.R"
".transported.graph.hessian.mds.edge.kk.embedding","R/transported_graph_hessian.R"
".transported.graph.hessian.metric.disk.vertices","R/transported_graph_hessian.R"
".transported.graph.hessian.metric.local.disk","R/transported_graph_hessian.R"
".transported.graph.hessian.metric.local.scale.disk","R/transported_graph_hessian.R"
".transported.graph.hessian.multi.source.distances","R/transported_graph_hessian.R"
".transported.graph.hessian.oracle.gradient.chart","R/transported_graph_hessian.R"
".transported.graph.hessian.pad.embedding","R/transported_graph_hessian.R"
".transported.graph.hessian.probe.residuals","R/transported_graph_hessian.R"
".transported.graph.hessian.quadratic.coefficients","R/transported_graph_hessian.R"
".transported.graph.hessian.quadratic.coefficients.one","R/transported_graph_hessian.R"
".transported.graph.hessian.quadratic.component.table","R/transported_graph_hessian.R"
".transported.graph.hessian.quadratic.design","R/transported_graph_hessian.R"
".transported.graph.hessian.quadratic.diagnostics","R/transported_graph_hessian.R"
".transported.graph.hessian.raw.edge.angle.scores","R/transported_graph_hessian.R"
".transported.graph.hessian.raw.soft.scores","R/transported_graph_hessian.R"
".transported.graph.hessian.regression.gradient.chart.candidate","R/transported_graph_hessian.R"
".transported.graph.hessian.regression.gradient.chart.candidates","R/transported_graph_hessian.R"
".transported.graph.hessian.regression.gradient.transport","R/transported_graph_hessian.R"
".transported.graph.hessian.regression.gradient.transport.local","R/transported_graph_hessian.R"
".transported.graph.hessian.regression.quadratic.transport","R/transported_graph_hessian.R"
".transported.graph.hessian.robust.scale","R/transported_graph_hessian.R"
".transported.graph.hessian.run.edge.kk","R/transported_graph_hessian.R"
".transported.graph.hessian.select.gradient.chart","R/transported_graph_hessian.R"
".transported.graph.hessian.soft.scales","R/transported_graph_hessian.R"
".transported.graph.hessian.soft.scores","R/transported_graph_hessian.R"
".transported.graph.hessian.soft.scores.from.vectors","R/transported_graph_hessian.R"
".transported.graph.hessian.soft.transport","R/transported_graph_hessian.R"
".transported.graph.hessian.soft.transport.local","R/transported_graph_hessian.R"
".transported.graph.hessian.softmax","R/transported_graph_hessian.R"
".transported.graph.hessian.summary","R/transported_graph_hessian.R"
".transported.graph.hessian.validate.disk.rule.candidates","R/transported_graph_hessian.R"
".transported.graph.hessian.validate.edge.angle.args","R/transported_graph_hessian.R"
".transported.graph.hessian.validate.embedding.candidates","R/transported_graph_hessian.R"
".transported.graph.hessian.validate.nonnegative.integer","R/transported_graph_hessian.R"
".transported.graph.hessian.validate.nonnegative.integer.vector","R/transported_graph_hessian.R"
".transported.graph.hessian.validate.optional.nonnegative","R/transported_graph_hessian.R"
".transported.graph.hessian.validate.positive.numeric.scalar","R/transported_graph_hessian.R"
".transported.graph.hessian.validate.positive.numeric.vector","R/transported_graph_hessian.R"
".transported.graph.hessian.validate.probability.scalar","R/transported_graph_hessian.R"
".transported.graph.hessian.validate.soft.args","R/transported_graph_hessian.R"
".transported.graph.hessian.validate.transport.order","R/transported_graph_hessian.R"
".transported.graph.hessian.vector.angle","R/transported_graph_hessian.R"
"print.transported.graph.hessian.operator","R/transported_graph_hessian.R"
"transported.graph.hessian.operator","R/transported_graph_hessian.R"
"compute.tube.lens.corridor","R/tube_lens_corridor.R"
"analyze.categorical.proportions","R/two_factor_analysis.R"
"analyze.weighted.cst","R/two_factor_analysis.R"
"create.latex.table","R/two_factor_analysis.R"
"save_results","R/two_factor_analysis.R"
"summarize.and.test.cst","R/two_factor_analysis.R"
"two.factor.analysis","R/two_factor_analysis.R"
"eigen.ulogit","R/ulogit.R"
"predict.eigen.ulogit","R/ulogit.R"
"print.eigen.ulogit","R/ulogit.R"
"print.ulogit","R/ulogit.R"
"ulogit","R/ulogit.R"
"create.grid.graph","R/uniform_grid_graph.R"
"elapsed.time","R/utils.R"
"map.values.to.palette","R/utils.R"
"signif_df","R/utils.R"
"assign.to.nearest.peak","R/vars_concordance_along_edges.R"
"build.concordance.network","R/vars_concordance_along_edges.R"
"characterize.components","R/vars_concordance_along_edges.R"
"compute.module.metrics","R/vars_concordance_along_edges.R"
"extract.concordance.subgraphs","R/vars_concordance_along_edges.R"
"find.concordance.kcores","R/vars_concordance_along_edges.R"
"find.concordance.modules","R/vars_concordance_along_edges.R"
"find.concordant.paths","R/vars_concordance_along_edges.R"
"find.connected.components","R/vars_concordance_along_edges.R"
"find.density.based.modules","R/vars_concordance_along_edges.R"
"plot_concordance_subgraph","R/vars_concordance_along_edges.R"
"plot.concordance.test","R/vars_concordance_along_edges.R"
"print.concordance.test","R/vars_concordance_along_edges.R"
"relate.concordance.to.basins","R/vars_concordance_along_edges.R"
"test.concordance.bayes","R/vars_concordance_along_edges.R"
"test.concordance.chisq","R/vars_concordance_along_edges.R"
"test.concordance.components","R/vars_concordance_along_edges.R"
"test.edge.concordance","R/vars_concordance_along_edges.R"
"test.module.significance","R/vars_concordance_along_edges.R"
"compute.smoothed.density","R/vertex_density.R"
"compute.vertex.density","R/vertex_density.R"
"compare.mgcp.clusters","R/visualize_mgcp_cluster_single.R"
"export.mgcp.cluster","R/visualize_mgcp_cluster_single.R"
"visualize.mgcp.cluster","R/visualize_mgcp_cluster_single.R"
"visualize.mgcp.clusters","R/visualize_mgcp_clusters.R"
"greedy.NN.transport.distance.1D","R/wasserstein_dist.R"
"wasserstein.distance.1D","R/wasserstein_dist.R"
"wasserstein.ipNNuv","R/wasserstein_dist.R"
"wasserstein1d.test","R/wasserstein_dist.R"
".onLoad","R/zzz.R"
".onUnload","R/zzz.R"
".s3_register","R/zzz.R"
"is_check","R/zzz.R"
"is_valgrind","R/zzz.R"
"safe_cores","R/zzz.R"
