function,file
analyze.hierarchical.differences,stats_utils.R
bayes.factors.symbols,stats_utils.R
clamp,stats_utils.R
compute.bayesian.effects,stats_utils.R
compute.local.distance.fidelity,graph_utils.R
compute.pairwise.bayes.factors,stats_utils.R
create.grid,2d_smooth_morse_smale.R
create.X.grid,grids.R
dist.to.knn,geodesics.R
dx.vs.gRf.mod.gSf,grids.R
generate.1d.circular.gaussian.mixture,synthetic_data_utils.R
generate.graph.gaussian.mixture,graph_utils.R
geodesic.knn,geodesics.R
geodesic.knnx,geodesics.R
get.BB.gpredictions,magelo.R
get.gpredictionss,magelo.R
graph.adj.mat,geodesics.R
llm.1D.fit.and.predict,magelo.R
llm.1D.fit.and.predict.BB.CrI,magelo.R
llm.1D.fit.and.predict.global.BB.qCrI,magelo.R
minmax.normalize,stats_utils.R
mllm.1D.fit.and.predict,magelo.R
mutual.information,divergences.R
normalize.and.inv.logit.fn,synthetic_data_utils.R
normalize.dist,kernels.R
robust.zscore,stats_utils.R
runif.torus,random_sampling.R
sample.from.1d.density,random_sampling.R
scale_to_range,stats_utils.R
scaled.log.tan,stats_utils.R
shifted.tan,stats_utils.R
winsorize.zscore,stats_utils.R
